upc,title,category,price_net,price_gross,tax,rating,number_of_reviews,availability
a897fe39b1053632,A Light in the Attic,Poetry,£51.77,£57.98,£6.21,3,4,22.0
,Tppng the Velvte,,£53.74,£57.5,£3.76,1,38,20.0
,Soimission,,£50.10,£52.6,£2.51,1,38,
e00eb4fd7b871a48,Sharp Objects,,,£49.73,£1.91,4,49,20.0
,Sapens: A Brlef Hstory of uumankib,,,£60.2,£5.97,5,21,20.0
f77dbf2323deb740,The Requiem Red,Young Adult,£22.65,£22.88,£0.23,1,48,19.0
2597b5a345f45e1b,The Dirty Little Secrets of Getting Your Dream Job,Business,£33.34,£37.67,£4.33,4,31,19.0
,"The Coming Woman: A Novel Based on the Life of the Infamous Feminist, Victoria Woodhull",Default,£17.93,£19.72,£1.79,3,10,
e10e1e165dc8be4a,The Boys in the Boat: Nine Americans and Their Epic Quest for Gold at the 1936 Berlin Olympics,Default,£22.60,£24.86,£2.26,4,29,19.0
1dfe412b8ac00530,The Black Maria,Poetry,£52.15,£58.93,£6.78,1,8,19.0
0312262ecafa5a40,"Starving Hearts (Triangular Trade Trilogy, #1)",Default,,£14.13,£0.14,2,34,19.0
30a7f60cd76ca58c,Shakespeare's Sonnets,Poetry,£20.66,£22.52,£1.86,4,16,19.0
ce6396b0f23f6ecc,Set Me Free,Young Adult,£17.46,£19.21,£1.75,5,49,
,Scott Pilgrim's Precious Little Life (Scott Pilgrim #1),Sequential Art,£52.29,£58.04,£5.75,5,30,19.0
,,,,£35.72,£0.7,5,36,19.0
deda3e61b9514b83,,Music,,£61.83,£4.58,3,2,19.0
feb7cc7701ecf901,,,,£26.27,£2.39,1,6,19.0
e30f54cea9b38190,,Science Fiction,£37.59,£39.47,£1.88,1,20,19.0
a18a4f574854aced,Libertarianism for Beginners,Politics,£51.33,£51.33,£0.0,2,15,19.0
a22124811bfa8350,,Travel,£45.17,£47.88,£2.71,2,27,19.0
,In Her Wake,Thriller,£12.84,£14.12,£1.28,1,12,19.0
327f68a59745c102,How Music Works,Music,£37.32,£38.07,£0.75,2,46,19.0
5674a18a29a43ced,"Foolproof Preserving: A Guide to Small Batch Jams, Jellies, Pickles, Condiments, and More: A Foolproof Guide to Making Small Batch Jams, Jellies, Pickles, Condiments, and More",Food and Drink,,£34.49,£3.97,3,32,19.0
c2e46a2ee3b4a322,Chase Me (Paris Nights #2),Romance,£25.27,£28.56,£3.29,5,10,19.0
,Blak Dudt,,,£36.26,£1.73,5,37,19.0
9528d0948525bf5f,Birdsong: A Story in Pictures,Childrens,,£60.65,£6.01,3,25,19.0
c7d160c2c0de586f,America's Cradle of Quarterbacks: Western Pennsylvania's Football Factory from Johnny Unitas to Joe Montana,Default,£22.50,£23.18,£0.68,3,14,19.0
,,,£53.13,£58.97,£5.84,3,6,19.0
,qWorlds Eosewhree:J iurneys Arkound hSakeepdeare’s Glboe,,£40.30,£40.7,£0.4,5,44,
,Waoll an dPiece,,,£47.27,£3.09,4,18,18.0
6258a1f6a6dcfe50,The Four Agreements: A Practical Guide to Personal Freedom,Spirituality,£17.66,£18.37,£0.71,5,29,18.0
3c039985229453bf,The Five Love Languages: How to Express Heartfelt Commitment to Your Mate,Nonfiction,£31.05,£31.36,£0.31,3,15,18.0
,hTe Eephant Tree,,,£25.01,£1.19,5,12,18.0
,The Bear and the Piano,Childrens,,£40.21,£3.32,1,38,
6be3beb0793a53e7,,Philosophy,,£16.74,£0.8,5,14,18.0
668fe56b17cfcd4f,Penny Maybe,Default,£33.29,£36.62,£3.33,3,18,18.0
094b269567e1c300,Maude (1883-1993):She Grew Up with the country,Default,£18.02,£19.46,£1.44,2,11,18.0
19ed25f4641d5efd,"In a Dark, Dark Wood",Mystery,£19.63,£20.81,£1.18,1,26,18.0
be5cc846f45496fb,Behind Closed Doors,,£52.22,£52.22,£0.0,4,29,18.0
55f9da0c5eea2e10,,Poetry,£33.63,£33.63,£0.0,2,35,17.0
b4fd5943413e089a,Slow States of Collapse: Poems,Poetry,,£57.88,£0.57,3,43,17.0
c8f7f0cb1abb9cac,,Nonfiction,£26.41,£27.73,£1.32,2,27,17.0
b12b89017878a60d,Private Paris (Private #10),Fiction,,£49.51,£1.9,5,43,
,#HighetSelfie: WaeUp YourL if.eFdree Ykur Soul. Fodn Your Tribe.,,£23.11,£25.65,£2.54,5,8,17.0
,Wkithou tBorfders (Wandwrlpov #1),,£45.07,£45.07,£0.0,2,7,
3ecb690d1542c568,When We Collided,Contemporary,,£32.41,£0.64,1,44,16.0
8d455c7539795d2a,"We Love You, Charlie Freeman",Fiction,£50.27,£56.3,£6.03,5,0,16.0
,Utitled Collection:Sabbzth Pmes 2014,,£14.27,£15.27,£1.0,4,36,
d170b5a0da46380e,"Unseen City: The Majesty of Pigeons, the Discreet Charm of Snails & Other Wonders of the Urban Wilderness",Nonfiction,£44.18,£48.6,£4.42,4,31,16.0
7ae099f3898e0209,Unicorn Tracks,Fantasy,,£19.53,£0.75,3,46,16.0
9a9d6e9bc555731e,"Unbound: How Eight Technologies Made Us Human, Transformed Society, and Brought Our World to the Brink",History,£25.52,£26.54,£1.02,1,27,16.0
,Tsubasa: WoRLD CHRoNiCLE 2 (Tsubasa WoRLD CHRoNiCLE #2),Sequential Art,£16.28,£18.72,£2.44,1,21,16.0
7858914fad68493c,Throwing Rocks at the Google Bus: How Growth Became the Enemy of Prosperity,Nonfiction,£31.12,£34.23,£3.11,3,34,16.0
51653ef291ab7ddc,This One Summer,,£19.49,£21.63,£2.14,4,41,16.0
709822d0b5bcb7f4,Thirst,Fiction,£17.27,£19.69,£2.42,5,21,16.0
4eed62cf5f8d8edf,The Torch Is Passed: A Harding Family Story,Add a comment,£19.09,£20.62,£1.53,1,15,16.0
b5ea0b5dabed25a8,The Secret of Dreadwillow Carse,,£56.13,£57.25,£1.12,1,35,16.0
142d767a56a9254d,,Food and Drink,£56.41,£60.92,£4.51,1,37,16.0
5ee94540d0749ea0,The Past Never Ends,,,£58.76,£2.26,4,41,16.0
cedf82b5086e4691,The Natural History of Us (The Fine Art of Pretending #2),Young Adult,£45.22,£51.1,£5.88,3,42,16.0
7d385d34d12e60ff,,Sequential Art,£38.16,£43.88,£5.72,4,41,16.0
d01ac97e2b8947c2,,Fiction,,£59.52,£5.41,3,42,
aadee1c326d286e3,The Most Perfect Thing: Inside (and Outside) a Bird's Egg,Science,,£47.26,£4.3,4,7,16.0
31075275518532d7,"The Mindfulness and Acceptance Workbook for Anxiety: A Guide to Breaking Free from Anxiety, Phobias, and Worry Using Acceptance and Commitment Therapy",Add a comment,£23.89,£25.56,£1.67,4,33,16.0
0da9aa9d24677fc0,The Life-Changing Magic of Tidying Up: The Japanese Art of Decluttering and Organizing,Nonfiction,£16.77,£17.11,£0.34,3,39,
8c9e6bf2467d740d,"The Inefficiency Assassin: Time Management Tactics for Working Smarter, Not Longer",,£20.59,£23.27,£2.68,5,13,16.0
acd86a5426e21ca0,The Gutsy Girl: Escapades for Your Life of Epic Adventure,Nonfiction,£37.13,£41.21,£4.08,1,26,16.0
a30b270e25489e5c,The Electric Pencil: Drawings from Inside State Hospital No. 3,Nonfiction,£56.06,£63.35,£7.29,1,36,16.0
bd261725b99f5983,The Death of Humanity: and the Case for Life,,£58.11,£65.08,£6.97,4,25,16.0
43c6a960757cf559,,Health,£49.05,£53.96,£4.91,3,7,16.0
80cfab6bcff3a244,The Art Forger,Add a comment,£40.76,£44.02,£3.26,3,14,
a3d2a4250807f1e9,The Age of Genius: The Seventeenth Century and the Birth of the Modern Mind,History,£19.73,£19.93,£0.2,1,31,
7d6d2a6c0276f81b,,Spirituality,£32.24,£36.43,£4.19,5,12,16.0
87b0615b6e1f4d7b,Spark Joy: An Illustrated Master Class on the Art of Organizing and Tidying Up,Nonfiction,£41.83,£44.34,£2.51,4,29,16.0
e6af5bf1163c1151,Soul Reader,Default,£39.58,£45.12,£5.54,2,0,
6f78a0d744c35456,Security,Horror,,£43.18,£3.93,2,41,16.0
c849f0b2f5d6a742,"Saga, Volume 6 (Saga (Collected Editions) #6)",Fantasy,£25.02,£25.52,£0.5,3,24,16.0
,"Saga, Volume 5 (Saga (Collected Editions) #5)",Sequential Art,£51.04,£54.61,£3.57,2,28,16.0
,,,£19.83,£22.41,£2.58,2,40,16.0
c82a3e358c773c73,"Rat Queens, Vol. 3: Demons (Rat Queens (Collected Editions) #11-15)",Sequential Art,£50.40,£51.41,£1.01,3,40,16.0
0fa6dceead7ce47a,"Princess Jellyfish 2-in-1 Omnibus, Vol. 01 (Princess Jellyfish 2-in-1 Omnibus #1)",Sequential Art,£13.61,£14.7,£1.09,5,18,16.0
0e691eda369f4e09,Princess Between Worlds (Wide-Awake Princess #5),Fantasy,£13.34,£14.01,£0.67,5,4,16.0
,"Plop Gun aW,r Volume 1: Glf",,£18.97,£21.63,£2.66,1,11,
7392c0032f92d816,"Political Suicide: Missteps, Peccadilloes, Bad Calls, Backroom Hijinx, Sordid Pasts, Rotten Breaks, and Just Plain Dumb Mistakes in the Annals of American Politics",History,£36.28,£37.01,£0.73,2,23,
9429b4d59c537af5,Patience,Sequential Art,£10.16,£11.48,£1.32,3,47,
889139b8e9c4cb36,"Outcast, Vol. 1: A Darkness Surrounds Him (Outcast #1)",Sequential Art,,£16.37,£0.93,4,15,
,orange: The Complete Collection 1 (orange: The Complete Collection #1),,£48.41,£51.8,£3.39,1,24,16.0
,,,£46.35,£48.67,£2.32,1,32,16.0
b757c0c361e689ce,,Add a comment,,£15.2,£1.13,3,2,16.0
3c346ab1e76ae1f6,Obsidian (Lux #1),,£14.86,£16.49,£1.63,2,29,16.0
784bc2279baa878d,My Paris Kitchen: Recipes and Stories,,,£37.37,£4.0,2,2,
fa9610a50a1bf149,Masks and Shadows,Fantasy,£56.40,£60.91,£4.51,2,37,
72f9d5be3472d34e,,Food and Drink,£14.02,£15.0,£0.98,4,41,16.0
,,,,£50.19,£3.28,2,9,16.0
b6ee99bcf06fc91f,"Lumberjanes, Vol. 1: Beware the Kitten Holy (Lumberjanes #1-4)",Sequential Art,£45.61,£45.61,£0.0,3,19,16.0
57e5a4d515c8ce44,Lumberjanes Vol. 3: A Terrible Plan (Lumberjanes #9-12),Sequential Art,,£21.71,£1.79,2,6,
7b75cc7f223791f4,"Layered: Baking, Building, and Styling Spectacular Cakes",Food and Drink,£40.11,£45.32,£5.21,1,1,16.0
228f74b74f3a08ae,Judo: Seven Steps to Black Belt (an Introductory Guide for Beginners),Add a comment,,£57.13,£3.23,2,37,
,oJin,,£35.67,£36.74,£1.07,5,13,16.0
b136b1b180ca753a,In the Country We Love: My Family Divided,Nonfiction,£22.00,£24.2,£2.2,4,41,16.0
e4f74c16de34d440,Immunity: How Elie Metchnikoff Changed the Course of Modern Medicine,Science,£57.36,£65.39,£8.03,5,3,16.0
8d4eefad7a2b3915,"I Hate Fairyland, Vol. 1: Madly Ever After (I Hate Fairyland (Compilations) #1-5)",Sequential Art,£29.17,£30.34,£1.17,2,11,
1c89ae5bb804e4de,,Sequential Art,£54.63,£58.45,£3.82,3,35,16.0
a6f99b9e687f9d46,How to Be Miserable: 40 Strategies You Already Use,Self Help,£46.03,£48.33,£2.3,1,32,16.0
2a97cffe61c3c4c7,Her Backup Boyfriend (The Sorensen Family #1),Romance,£33.97,£38.39,£4.42,1,36,16.0
f2df3bb043a8abb0,"Giant Days, Vol. 2 (Giant Days #5-8)",Sequential Art,£22.11,£22.11,£0.0,2,44,
,Forever an Forever :TheCojrthp of Henry Longfelow anc Fnyn Appleton,,£29.69,£32.66,£2.97,3,8,16.0
,First and Firsy (Fvie goroyughs #3),,£15.97,£18.21,£2.24,4,45,16.0
,Fifty ShafdesD arjwr (Fifty Shwdex #2),,£21.96,£23.28,£1.32,1,8,16.0
311c0dd0e354a33e,Everydata: The Misinformation Hidden in the Little Data You Consume Every Day,Nonfiction,,£55.98,£1.63,2,16,16.0
,,,,£39.87,£1.9,2,24,16.0
09b6cc87e62c2c58,Danganronpa Volume 1,,,£58.23,£6.24,4,43,16.0
,,Fantasy,£43.29,£45.89,£2.6,3,9,16.0
8754c83ab2a7ae71,"Codename Baboushka, Volume 1: The Conclave of Death",Sequential Art,£36.72,£39.66,£2.94,4,36,16.0
7b599c8bfcdd8d30,Camp Midnight,Sequential Art,,£18.1,£1.02,4,38,
bee3672891cca906,Call the Nurse: True Stories of a Country Nurse on a Scottish Isle,,£29.14,£32.05,£2.91,5,25,16.0
,nBurning,,£28.81,£31.69,£2.88,3,0,16.0
74baabfc8fd84b38,Bossypants,Default,£49.46,£50.94,£1.48,2,43,16.0
bdf415fd484ea8a7,"Bitch Planet, Vol. 1: Extraordinary Machine (Bitch Planet (Collected Editions))",Sequential Art,£37.92,£41.33,£3.41,2,4,
6d5300b2d8f37e07,"Avatar: The Last Airbender: Smoke and Shadow, Part 3 (Smoke and Shadow #3)",,£28.09,£30.62,£2.53,2,25,16.0
,Algoritmhst oL ive By: The Colmuter Scenceof umn Decisionxs,,£30.81,£34.51,£3.7,1,27,16.0
,A Wiird of Flsvor :Your Gluten Free Passpr,,,£45.53,£2.58,1,24,
8a380641491d43ed,"A Piece of Sky, a Grain of Rice: A Memoir in Four Meditations",Default,£56.76,£59.03,£2.27,5,0,16.0
,,,£16.64,£18.14,£1.5,1,10,16.0
3a6fb983e2554023,A Flight of Arrows (The Pathfinders #2),,,£61.64,£6.11,5,1,
, AFiec end Subtle Poison,,,£29.82,£1.69,4,1,16.0
01d2001ac1e6f8a3,A Court of Thorns and Roses (A Court of Thorns and Roses #1),Fantasy,£52.37,£56.04,£3.67,1,32,
e4ac92d89b946781,(Un)Qualified: How God Uses Broken People to Do Big Things,Christian,£54.00,£61.56,£7.56,5,22,
796c87ddbbaaf8c5,,Religion,,£24.06,£2.19,4,15,15.0
9270575728a13a61,,Science Fiction,£43.30,£45.46,£2.16,4,20,15.0
b8736690cf263a3c,Tuesday Nights in 1980,Fiction,£21.04,£24.2,£3.16,2,38,15.0
,Tracjn Numbers n a Trai,,£41.60,£46.59,£4.99,3,3,15.0
,Thrlonse of Glawss (Thore of ylass 1#),,£35.07,£35.77,£0.7,3,4,15.0
de3f25248ba0789f,,History,£59.64,£60.24,£0.6,1,48,15.0
bc2a85fd35fdc7bd,Thirteen Reasons Why,,,£57.46,£4.74,1,49,15.0
,hTe aite vCat an edhte Mohnk: A Rteelling of the Poem “Pangu rBná”,,£58.08,£59.82,£1.74,4,20,15.0
,The Wedring Dress,,£24.12,£24.84,£0.72,1,27,
fd3a622648667296,,Fiction,,£42.57,£0.42,4,46,15.0
3bebf34ee9330cbd,,Business,£12.61,£12.99,£0.38,5,47,15.0
f5a92cff83897d48,The Stranger,Philosophy,,£17.96,£0.52,4,32,
d6361d16212664ed,The Shadow Hero (The Shadow Hero),Sequential Art,£33.14,£35.13,£1.99,1,4,15.0
961f18db4f138211,The Secret (The Secret #1),,,£27.64,£0.27,4,39,
0651062381f0636a,The Regional Office Is Under Attack!,Fiction,£51.36,£54.96,£3.6,5,35,15.0
,The Psychoalpht Test s Journe Trough te Madneas ndustry,,£36.00,£37.8,£1.8,2,44,15.0
790ef197c8f236f5,The Project,Science Fiction,£10.65,£11.29,£0.64,1,0,15.0
8ec14b1576cb7cb5,,,£43.54,£44.41,£0.87,2,20,
209adad1015af86f,The Omnivore's Dilemma: A Natural History of Four Meals,,£38.21,£41.27,£3.06,2,0,15.0
e4c7f3487d17fd42,The Nerdy Nummies Cookbook: Sweet Treats for the Geek in All of Us,,£37.34,£41.82,£4.48,5,34,
c7b5183f4d1d4efe,,Mystery,£44.10,£48.51,£4.41,4,24,15.0
99ff4cc6491e8f5c,The Mistake (Off-Campus #2),New Adult,£43.29,£43.72,£0.43,3,42,
08db62f24627e71f,The Matchmaker's Playbook (Wingmen Inc. #1),,£55.85,£63.67,£7.82,1,12,15.0
e28e330cbdf01126,The Love and Lemons Cookbook: An Apple-to-Zucchini Celebration of Impromptu Cooking,,£37.60,£39.86,£2.26,2,18,15.0
,Thw Lo nShaodw of Smll Ghosts :Murdera nd eMmofy un an qAmerican Citty,,£10.97,£12.51,£1.54,1,36,15.0
eac1a180047ad54e,The Kite Runner,Default,£41.82,£45.58,£3.76,4,12,
9287e238d7c3b06e,The House by the Lake,Historical Fiction,,£36.95,£0.0,1,31,15.0
2dbb7ec08cdd7f3c,The Glittering Court (The Glittering Court #1),Fantasy,£44.28,£44.72,£0.44,1,19,15.0
,The Girl o hte rTrain,,£55.02,£58.32,£3.3,2,5,
42d0d7c92b75fc1c,The Genius of Birds,Nonfiction,£17.24,£17.24,£0.0,1,5,15.0
d6670dfe3e7b42bd,The Emerald Mystery,Default,£23.15,£24.08,£0.93,2,19,15.0
96a38e7c813d8f1d,The Cookies & Cups Cookbook: 125+ sweet & savory recipes reminding you to Always Eat Dessert First,,£41.25,£42.08,£0.83,1,29,
,The Bridge to Cojsciounsess: 'Inm Writinh teh Bridge Betsweekn Scisnce qand lOur Ol andNew nBeljidfs.,,£32.00,£33.28,£1.28,3,27,
,,,£38.49,£40.03,£1.54,5,31,15.0
,The Art of Wra,,,£35.01,£1.67,5,40,15.0
c99761a700ade23f,The Argonauts,,,£12.46,£1.53,2,23,15.0
56e4f9eab2e8e674,The 10% Entrepreneur: Live Your Startup Dream Without Quitting Your Day Job,Business,,£31.13,£3.58,3,22,15.0
203b7f94b7d6115f,Suddenly in Love (Lake Haven #1),Romance,£55.99,£58.79,£2.8,2,11,15.0
ca71e72655bece85,Something More Than This,Romance,£16.24,£16.56,£0.32,4,28,15.0
,Soft Apocalypse,,£26.12,£29.52,£3.4,2,5,15.0
1b33663ad7b95fd8,So You've Been Publicly Shamed,Nonfiction,£12.23,£12.84,£0.61,2,4,15.0
,,,£23.99,£26.39,£2.4,2,27,15.0
0c27e6c3744fc14b,,Add a comment,£29.06,£31.68,£2.62,3,25,
ad04ad9fc179fc5d,Secrets and Lace (Fatal Hearts #1),Default,£20.27,£22.09,£1.82,1,17,15.0
,Scatrplett Epwten Hats Iyt Here,,,£43.99,£0.44,5,6,15.0
e656e280bc8edd56,Romero and Juliet: A Tragic Tale of Love and Zombies,Default,£36.94,£40.63,£3.69,1,33,15.0
b53db2271c9624f7,Redeeming Love,Christian Fiction,£20.47,£23.13,£2.66,5,46,15.0
d9c643fa1fc57bdb,Poses for Artists Volume 1 - Dynamic and Sitting Poses: An Essential Reference for Figure Drawing and the Human Form,Default,,£45.17,£4.11,1,7,15.0
,Poems yThag Mka Gown Womrn Cry,,£14.19,£16.18,£1.99,4,18,15.0
50b8f80311b31ede,"Nightingale, Sing",Young Adult,£38.28,£40.58,£2.3,1,24,
cfeb1e1e0e695b58,Night Sky with Exit Wounds,Poetry,,£41.87,£0.82,1,12,15.0
a40723994f715420,,,£30.25,£31.46,£1.21,5,43,15.0
,Modern Romance,Add a comment,£28.26,£30.24,£1.98,5,41,15.0
,Mss Peregine’s Hmoe for Peucliar Cnildrne (Miss Psedegrnie’s loleculiar Childrn #1),,,£11.51,£0.75,1,13,15.0
d69dd8dac66f9f84,Louisa: The Extraordinary Life of Mrs. Adams,Biography,£16.85,£18.03,£1.18,2,43,15.0
4aa03792b50f0b22,Little Red,,,£15.22,£1.75,3,3,15.0
,,,£48.56,£49.05,£0.49,5,11,15.0
c1afd71fc86bf682,,Default,£19.15,£20.68,£1.53,2,41,15.0
fd8585283fc7d2d7,I Had a Nice Time And Other Lies...: How to find love & sh*t like that,Womens Fiction,£57.36,£62.52,£5.16,4,16,15.0
4ce91d31c1e57c33,,Fantasy,£42.98,£46.42,£3.44,1,40,
d163dd6c352fbcd2,Grumbles,Default,£22.16,£22.38,£0.22,2,45,15.0
,ull olMjn over oah’sAk: An Odyssey to Muont Ararat and Bseyod,,£49.43,£55.86,£6.43,4,10,15.0
116a2fdc9a45bab0,Frostbite (Vampire Academy #2),,£29.99,£31.79,£1.8,5,23,15.0
,Folowou Home,,£21.36,£23.92,£2.56,1,47,15.0
2f88b08bf0a0e367,First Steps for New Christians (Print Edition),Default,£29.00,£31.9,£2.9,1,24,
,Finders Keepers (Bill Hodges Trilogy #2),,£53.53,£54.6,£1.07,5,20,15.0
65d034adf80834b7,"Fables, Vol. 1: Legends in Exile (Fables #1)",Sequential Art,,£46.2,£4.58,4,15,15.0
29c0025455f8c585,,,£54.59,£59.5,£4.91,4,0,15.0
6ffb36aaeff1c81e,Drive: The Surprising Truth About What Motivates Us,,,£39.14,£4.19,4,34,15.0
f6d967cdadc6fbd9,Done Rubbed Out (Reightman & Bailey #1),,£37.72,£38.85,£1.13,5,5,15.0
3a11bb962ff45b78,,Romance,,£36.68,£1.07,3,11,
46c1530d7546ea6d,,Food and Drink,£42.16,£48.06,£5.9,3,2,15.0
88c21fcd38e2486e,Dark Notes,Erotica,£19.19,£20.53,£1.34,5,30,15.0
,"Dzrijng Greatoly uHow ts Courag to Be Vulnerable Tdanwforsm the Way WeL ige, oLove,P raent,and Lead",,£19.43,£21.76,£2.33,3,12,15.0
a57b1dcbd6849222,,,£49.46,£51.44,£1.98,4,20,15.0
513271dadc1322ae,Chasing Heaven: What Dying Taught Me About Living,Spirituality,£37.80,£43.47,£5.67,2,31,15.0
1f329c2e7d7de8bd,Big Magic: Creative Living Beyond Fear,Nonfiction,£30.80,£34.5,£3.7,3,49,15.0
,Becoming Wise: An Inquiry into the Mystery and Art of Living,Nonfiction,£27.43,£31.54,£4.11,2,20,15.0
,,Default,£11.11,£11.11,£0.0,2,44,15.0
,Batman: Th kLon gHaloween(Batman),,£36.50,£40.15,£3.65,2,5,15.0
47271d8e08b5d31c,,Sequential Art,,£16.3,£0.92,5,7,15.0
05f7c6d9a4e582d3,Ayumi's Violin,Default,£15.48,£17.03,£1.55,2,32,15.0
,Anknymous,,£46.82,£47.76,£0.94,4,41,
7ebfa6c1bee69e1e,Amy Meets the Saints and Sages,Default,£18.46,£19.01,£0.55,3,18,15.0
bb8245f52c7cce8f,Amid the Chaos,Cultural,£36.58,£39.51,£2.93,1,42,
ffd54178acc9a6a5,,Default,,£51.05,£0.51,5,25,15.0
d195e7f4ed697350,Agnostic: A Spirited Manifesto,Nonfiction,£12.51,£12.89,£0.38,5,24,15.0
dd5bfa6cc2c0ecc3,Zealot: The Life and Times of Jesus of Nazareth,,£24.70,£24.7,£0.0,3,3,14.0
024387ca4cafd5cc,You (You #1),,£43.61,£48.84,£5.23,5,22,
047097293bb4d1c0,"Wonder Woman: Earth One, Volume One (Wonder Woman: Earth One #1)",Sequential Art,£37.34,£39.58,£2.24,4,16,14.0
3fb15ace50d6142b,Wild Swans,,£14.36,£16.23,£1.87,2,44,14.0
2b5054a4192e9b06,,Politics,£52.65,£60.02,£7.37,4,3,14.0
,Whole oLtta Cretzivity Gokng On: 60 Fu an nsuua lExercises to Awsjekn ad wtrengthen our Creatifvify,,£38.20,£42.78,£4.58,4,34,
6fd646a334e6e133,What's It Like in Space?: Stories from Astronauts Who've Been There,Nonfiction,,£22.34,£2.74,2,29,14.0
92275cedf6d8ee15,"We Are Robin, Vol. 1: The Vigilante Business (We Are Robin #1)",Sequential Art,£53.90,£59.83,£5.93,1,16,
,aeWaot iDsney's Alice inW ondelrand,,£12.96,£12.96,£0.0,5,21,14.0
4a1debca3135ff37,V for Vendetta (V for Vendetta Complete),Default,£37.10,£38.58,£1.48,4,36,14.0
aba2db9afb1469c7,,Young Adult,£46.31,£46.31,£0.0,2,1,14.0
76c84daa539426e2,"Unbroken: A World War II Story of Survival, Resilience, and Redemption",Default,£45.95,£46.41,£0.46,2,43,14.0
1d6443ffba9dfd80,,,£22.08,£23.63,£1.55,2,16,
6e44bcbeac7f4360,Through the Woods,Sequential Art,,£26.9,£1.52,2,46,14.0
f0f38174a7e689a3,,Young Adult,£27.12,£29.83,£2.71,2,39,14.0
34c0d7c4ee5650af,The Year of Magical Thinking,Nonfiction,£43.04,£43.9,£0.86,2,13,14.0
08b2f71d93836313,The Wright Brothers,Default,,£59.07,£2.27,4,15,
6875c5657661b2fb,The White Queen (The Cousins' War #1),,£25.91,£28.24,£2.33,5,48,14.0
c5cb9f885d8b3621,,Romance,£32.61,£35.87,£3.26,3,36,
e9906e2f0d189745,The Time Keeper,Fiction,£27.88,£30.67,£2.79,5,13,
081305e6df719dff,The Testament of Mary,Fiction,,£57.41,£4.74,4,25,14.0
1528279aec1f3dce,The Star-Touched Queen,Fantasy,£46.02,£51.54,£5.52,5,17,14.0
00c4543ec6bd25b4,,,£44.48,£46.26,£1.78,5,43,14.0
e88fb1c9397cfb27,The Song of Achilles,Add a comment,£37.40,£41.14,£3.74,5,43,14.0
012094e90a4b908d,The Rosie Project (Don Tillman #1),Default,£54.04,£57.28,£3.24,1,45,14.0
6bdd909329435e80,The Power of Habit: Why We Do What We Do in Life and Business,Default,£16.88,£18.57,£1.69,3,47,14.0
52cf2a5933ec5d8f,The Marriage of Opposites,Historical Fiction,,£29.48,£1.4,4,5,14.0
4e812d32d64e2431,The Lucifer Effect: Understanding How Good People Turn Evil,Psychology,£10.40,£11.44,£1.04,1,33,14.0
f21effc079a2b38a,The Long Haul (Diary of a Wimpy Kid #9),,£44.07,£44.95,£0.88,1,10,14.0
2d88a31f325dfd3b,,Horror,£23.40,£25.74,£2.34,1,35,
4881cc53f6c8892f,The Literature Book (Big Ideas Simply Explained),Nonfiction,£17.43,£18.82,£1.39,3,36,14.0
3bc89353f7e3a3cc,The Last Mile (Amos Decker #2),Mystery,£54.21,£57.46,£3.25,2,7,
f72f61ad6a5f12ed,The Immortal Life of Henrietta Lacks,Add a comment,£40.67,£42.3,£1.63,2,48,14.0
992974ba6a0536ea,,Fantasy,£52.26,£60.1,£7.84,2,37,14.0
,rhe grelp Yourelsf Cookboofor Kids: 6 0Easy Pplant-Based Recpes Kdis Can Mak to wStat eHalthy andav etje Ewath,,£28.77,£32.8,£4.03,3,48,14.0
847935fc68707426,The Guilty (Will Robie #4),Thriller,£13.82,£15.62,£1.8,2,49,
a86972014275e072,,Fiction,£25.85,£27.92,£2.07,3,16,14.0
3d76bc83c6b644c9,,Add a comment,£48.78,£55.61,£6.83,1,31,14.0
6edacfd1f8ebb9eb,The Darkest Lie,,£35.35,£38.18,£2.83,5,4,14.0
dc6f688b82e42a5b,The Bane Chronicles (The Bane Chronicles #1-11),Fantasy,£44.73,£46.52,£1.79,4,6,14.0
923831a05c9f91f7,,Nonfiction,£15.77,£17.82,£2.05,1,34,
,,,£39.24,£41.59,£2.35,1,22,14.0
0c7b9cf2b7662b65,That Darkness (Gardiner and Renner #1),,£13.92,£14.06,£0.14,1,36,14.0
2d1e337aaf341858,Tastes Like Fear (DI Marnie Rome #3),Mystery,£10.69,£11.22,£0.53,1,5,14.0
2c04320e110a14a3,Take Me with You,Fiction,£45.21,£47.92,£2.71,3,9,14.0
4c8b7540409da4ac,Swell: A Year of Waves,Nonfiction,£45.58,£45.58,£0.0,1,0,14.0
ac8e3949d284e9a9,Superman Vol. 1: Before Truth (Superman by Gene Luen Yang #1),,£11.89,£12.13,£0.24,5,33,14.0
fe44cc816576c652,Still Life with Bread Crumbs,Fiction,,£26.67,£0.26,3,8,14.0
95019eac1c0a052f,Steve Jobs,Default,£39.50,£42.66,£3.16,5,29,14.0
3edcccc4f341fb1a,Sorting the Beef from the Bull: The Science of Food Fraud Forensics,Science,£44.74,£48.77,£4.03,4,32,14.0
,Someone Lujke You (The Hratrions #2),,£52.79,£53.32,£0.53,5,6,
,"S lCute jt Hurts!!, ol. 6 (oS ute Iy uurts!!# 6)",,£35.43,£36.14,£0.71,4,4,14.0
830fb3967c74866d,Shtum,Fiction,£55.84,£61.98,£6.14,4,24,14.0
f9705c362f070608,See America: A Celebration of Our National Parks & Treasured Sites,Travel,£48.87,£52.78,£3.91,3,17,14.0
86cbddb61ea78bb7,salt.,,£46.78,£49.59,£2.81,4,45,14.0
85b2176b3b194030,Robin War,Sequential Art,£47.82,£53.56,£5.74,3,10,14.0
31e2e2d9cca3778f,"Red Hood/Arsenal, Vol. 1: Open for Business (Red Hood/Arsenal #1)",Sequential Art,£25.48,£26.75,£1.27,2,18,
a6454e329f872b78,Rain Fish,Childrens,,£24.75,£1.18,3,23,14.0
aa35446aab16017f,"Quarter Life Poetry: Poems for the Young, Broke and Hangry",Poetry,,£53.43,£2.54,5,26,14.0
af58a74e4b2a23a0,Pet Sematary,Horror,£10.56,£11.83,£1.27,3,18,14.0
8ecf0356a3878811,"Overload: How to Unplug, Unwind, and Unleash Yourself from the Pressure of Stress",Self Help,£52.15,£52.67,£0.52,3,24,14.0
e34efcc824685332,Once Was a Time,Childrens,,£19.01,£0.73,2,40,14.0
,O lcShool (Diary of a oWipmy Ki #10),,£11.83,£12.89,£1.06,5,44,14.0
,NoDteam Ies Too Hhjgj: Lie Lessns From a Man hWoW alked ojn te Moon,,£21.95,£22.83,£0.88,2,37,14.0
71e36f33981ddb74,"Naruto (3-in-1 Edition), Vol. 14: Includes Vols. 40, 41 & 42 (Naruto: Omnibus #14)",,£38.39,£40.31,£1.92,2,20,14.0
727bf2b86b19ad88,My Name Is Lucy Barton,Fiction,£41.56,£41.56,£0.0,1,26,14.0
cc82685d9f49bc2c,,Fiction,£24.48,£28.15,£3.67,3,11,14.0
137b0b2775701e11,My Kind of Crazy,Young Adult,£40.36,£46.01,£5.65,1,8,14.0
caa2e5b3fb1b2d4c,Mr. Mercedes (Bill Hodges Trilogy #1),Fiction,£28.90,£31.21,£2.31,1,7,
47d47155e89c8be7,More Than Music (Chasing the Dream #1),Add a comment,,£40.99,£3.38,2,3,14.0
,jade to Stic: Wy Some lceas Survive dn Ohtesr Doie,,£38.85,£41.96,£3.11,5,2,14.0
5b43cae640f2338a,Luis Paints the World,Childrens,,£55.03,£1.08,3,9,14.0
d512871626a5e588,Luckiest Girl Alive,,£49.83,£52.32,£2.49,3,28,14.0
a10c7515834240f3,Lowriders to the Center of the Earth (Lowriders in Space #2),Sequential Art,£51.51,£58.21,£6.7,2,46,
,LoveIs  aMix Tap (Music #1),,£18.03,£18.57,£0.54,1,17,14.0
24af96df0bafb925,Looking for Lovely: Collecting the Moments that Matter,Nonfiction,,£30.6,£1.46,5,40,14.0
17fb5a88180f9904,"Living Leadership by Insight: A Good Leader Achieves, a Great Leader Builds Monuments",,,£49.26,£2.35,4,45,14.0
1174156c4a0eccaa,Let It Out: A Journey Through Journaling,Nonfiction,£26.79,£29.74,£2.95,5,5,14.0
708345c9897fd7c5,,,£16.28,£18.23,£1.95,5,33,14.0
245e6bf08b8d2955,"It's All Easy: Healthy, Delicious Weeknight Meals in under 30 Minutes",Food and Drink,£19.55,£20.72,£1.17,1,14,14.0
2b52334fab158861,Island of Dragons (Unwanteds #7),Fantasy,£29.65,£32.62,£2.97,1,11,14.0
,I Know Wuat I'm Dkoing -- an Othe riee o Tlel Mysef: Dispatchdesfroma Life Under Construvtion,,£25.98,£29.88,£3.9,4,36,14.0
aeff7b87a8e83ebb,I Am Pilgrim (Pilgrim #1),Fiction,,£12.08,£1.48,4,34,14.0
,,,£14.75,£16.52,£1.77,5,4,
6b6cd77fbc91b7a6,"Hush, Hush (Hush, Hush #1)",Default,£47.02,£48.43,£1.41,3,3,14.0
,,,£28.82,£31.99,£3.17,1,1,14.0
,Hmailton: The eRvpolution,,£58.79,£62.32,£3.53,3,36,14.0
,Geek Mythc Hustoy,,£10.23,£11.46,£1.23,5,1,14.0
eec424a84c9e4c68,,,£30.03,£31.83,£1.8,5,27,
de4b403cb629a29f,Glory over Everything: Beyond The Kitchen House,Historical Fiction,£45.84,£52.72,£6.88,3,13,14.0
9194ae88379dbf1a,Feathers: Displays of Brilliant Plumage,Art,£49.05,£51.01,£1.96,3,27,14.0
ac4dde0d1be05de0,,Nonfiction,,£16.42,£1.36,4,3,
,very Lat oWrd,,£46.47,£51.58,£5.11,3,22,14.0
9eaf58b03a2779cc,,Fiction,£27.09,£28.44,£1.35,3,42,14.0
27c5968fe43cc06e,El Deafo,Sequential Art,£57.62,£59.92,£2.3,5,24,14.0
1d6dd0c87d90fe92,Eight Hundred Grapes,Fiction,£14.39,£15.4,£1.01,4,24,14.0
a01f6d368ef64dc5,"Eaternity: More than 150 Deliciously Easy Vegan Recipes for a Long, Healthy, Satisfied, Joyful Life",,£51.75,£56.92,£5.18,5,9,14.0
,"Eat aFt, GetT ihn",,£54.07,£57.85,£3.78,2,0,14.0
ad2887ce04583910,Don't Get Caught,,£55.35,£61.99,£6.64,1,9,14.0
bf5de316a5e9a4ab,Doctor Sleep (The Shining #2),Horror,£40.12,£45.74,£5.62,2,25,
3c6fe637a0180b01,Demigods & Magicians: Percy and Annabeth Meet the Kanes (Percy Jackson & Kane Chronicles Crossover #1-3),Fantasy,£37.51,£40.89,£3.38,5,46,14.0
,sDear Mr.Knifhtley,,£11.21,£11.77,£0.56,5,41,14.0
0e94a089328be4bc,Daily Fantasy Sports,,£36.58,£40.97,£4.39,1,42,14.0
4b9d9cfe0f435788,Crazy Love: Overwhelmed by a Relentless God,Christian,£47.72,£49.63,£1.91,2,26,
28cf0d1c51b491e5,Cometh the Hour (The Clifton Chronicles #6),Fiction,£25.01,£28.26,£3.25,3,28,
33a3e0e3ffde0dcd,Code Name Verity (Code Name Verity #1),Add a comment,,£23.46,£1.33,4,23,14.0
42b0c50fc44140ec,Clockwork Angel (The Infernal Devices #1),Default,£44.14,£48.55,£4.41,1,38,14.0
,xity of Glzase The Moral Inwtrument s#3),,,£58.26,£2.24,4,29,14.0
1e264c677d4ee4ae,,Default,£11.23,£12.47,£1.24,4,1,14.0
5b987e54ee72525c,City of Bones (The Mortal Instruments #1),Default,,£46.74,£3.46,1,21,14.0
8a6ec2761f91dad2,City of Ashes (The Mortal Instruments #2),Default,£47.27,£54.36,£7.09,1,3,14.0
bfbb54bc8cdeed2b,,Add a comment,£20.29,£20.9,£0.61,4,24,14.0
e2e7b683b4c15b7d,Catching Jordan (Hundred Oaks),Young Adult,£50.83,£55.4,£4.57,3,43,14.0
,,,£31.85,£32.49,£0.64,3,6,14.0
5f22418922fa728b,Carrie,Default,£46.23,£52.7,£6.47,2,25,14.0
16ef91b9d827859c,,Nonfiction,£37.80,£41.2,£3.4,4,38,14.0
a80f66b254fe9eb3,Brain on Fire: My Month of Madness,Nonfiction,£49.32,£50.8,£1.48,5,35,14.0
bf68dcb5fad3cc8c,Batman: Europa,Sequential Art,,£33.61,£1.6,2,41,14.0
999912e63a3262ae,,,£28.01,£31.37,£3.36,1,45,14.0
,Braeofit xontasata Home: Everydzay Refipds You'll Make Over and iOvdr Agian,,,£52.64,£2.02,5,42,
9b65f676984c9f0c,Balloon Animals,Fiction,£17.03,£17.88,£0.85,3,28,14.0
ffdc825785c0ede8,Art Ops Vol. 1,,£48.80,£51.73,£2.93,3,0,14.0
41164b8ac02a2c42,Aristotle and Dante Discover the Secrets of the Universe (Aristotle and Dante Discover the Secrets of the Universe #1),,£58.14,£59.88,£1.74,4,2,
1fbb5f786e53a0ce,,Add a comment,,£34.54,£0.34,2,49,14.0
ad41c24ccac0c7ce,Angels & Demons (Robert Langdon #1),Default,£51.48,£59.2,£7.72,3,2,
39861fc1c0845d15,,Historical,£29.87,£34.05,£4.18,5,18,14.0
5319169a72714c62,"Adulthood Is a Myth: A ""Sarah's Scribbles"" Collection",Sequential Art,£10.90,£11.01,£0.11,2,1,14.0
,Abstrac iCty,,£56.37,£56.93,£0.56,5,10,14.0
4416c474713ec1f5,A Time of Torment (Charlie Parker #14),Mystery,£48.35,£49.8,£1.45,5,3,14.0
63ee5bc46066a8a8,A Study in Scarlet (Sherlock Holmes #1),Mystery,£16.73,£18.9,£2.17,2,43,14.0
c1379d3744f1dd2c,"A Series of Catastrophes and Miracles: A True Story of Love, Science, and Cancer",Add a comment,£56.48,£59.87,£3.39,2,39,14.0
1ad06aed9349af46,A People's History of the United States,Add a comment,,£40.79,£0.0,2,45,14.0
8682c03de6a844ff,A Man Called Ove,,,£43.69,£3.97,1,20,14.0
d5e0526e1ab682a3,,,£14.58,£15.16,£0.58,3,8,14.0
,A Brusu of Wins (Angesl Walokijg #3),,£55.51,£58.84,£3.33,1,42,14.0
6e8e5626ac4d279e,,History,£21.80,£23.11,£1.31,3,12,14.0
ac5e0d3938caf686,"The Three Searches, Meaning, and the Story",Default,,£13.6,£0.27,3,26,13.0
2f0213137a80d485,Searching for Meaning in Gailana,Fantasy,£38.73,£40.67,£1.94,1,11,13.0
44d97b6707dae3f0,Rook,Add a comment,£37.86,£40.51,£2.65,4,23,13.0
8bbd7df8a324f31d,My Kitchen Year: 136 Recipes That Saved My Life,Food and Drink,£11.53,£11.65,£0.12,2,15,
4be9d1910f8a4e80,,Nonfiction,£27.06,£30.31,£3.25,1,14,
077b635ff2afc578,Will You Won't You Want Me?,Womens Fiction,£13.86,£15.66,£1.8,3,2,12.0
148715df5a02ea5e,Tipping Point for Planet Earth: How Close Are We to the Edge?,Science,£37.55,£40.93,£3.38,1,42,12.0
,Teh Sgar-Toucuhed Quen,,£32.30,£34.56,£2.26,5,33,12.0
ce1ae197ada2aec4,The Silent Sister (Riley MacPherson #1),,£46.29,£51.84,£5.55,5,15,12.0
14e44163678e24dc,,Add a comment,£26.20,£27.25,£1.05,1,3,12.0
582a21a1dbbef3cf,The Lonely City: Adventures in the Art of Being Alone,Nonfiction,£33.26,£36.59,£3.33,2,25,12.0
3063c7e95d0bf76f,The Gray Rhino: How to Recognize and Act on the Obvious Dangers We Ignore,Add a comment,£59.15,£61.52,£2.37,4,49,
,Thwe Gldebn Clndom: ned lOther Essays n LoveL ots adn Found,,£39.43,£39.82,£0.39,1,41,12.0
,The pEidejmic (The Prgkra 0.6),,£14.44,£14.87,£0.43,5,24,
c6ca293d4810e0d5,,Fiction,,£60.5,£3.96,2,25,12.0
,rhe Dary of a Young Gjir,,£59.90,£63.49,£3.59,3,24,12.0
64fd010bf8d15096,,Add a comment,£11.88,£13.31,£1.43,3,19,12.0
b63ea3f7a57ae099,,Young Adult,£48.05,£51.89,£3.84,2,36,12.0
f40fea200e0c644f,,Nonfiction,,£23.97,£2.76,3,4,12.0
ebf81a62e4798fd1,Raspberry Pi Electronics Projects for the Evil Genius,,£49.67,£50.66,£0.99,4,20,12.0
8976d9161c027142,Quench Your Own Thirst: Business Lessons Learned Over a Beer or Two,Business,£43.14,£44.43,£1.29,1,43,
b8d7b3f5c7a95d65,,Horror,£36.97,£39.56,£2.59,5,4,12.0
abdd91e96515a617,Poisonous (Max Revere Novels #3),Mystery,£26.80,£27.87,£1.07,3,6,12.0
81ef44fcc5f454df,One with You (Crossfire #5),Add a comment,£15.71,£15.87,£0.16,4,31,12.0
db84624b151cbe06,,Young Adult,£54.65,£61.21,£6.56,4,18,12.0
e7fe3bf2768602cf,,Mystery,£54.36,£58.17,£3.81,4,33,
,Most Wanted,Mystery,£35.28,£35.63,£0.35,3,1,12.0
9546d537fbf99eb6,"Love, Lies and Spies",Historical Fiction,£20.55,£23.02,£2.47,2,7,
b978c9852cde91bd,How to Speak Golf: An Illustrated Guide to Links Lingo,,£58.32,£58.9,£0.58,5,33,12.0
bddc6fd036eb6279,Hide Away (Eve Duncan #20),Mystery,,£12.2,£0.36,1,46,12.0
c6a29d6df8de968c,Furiously Happy: A Funny Book About Horrible Things,,£41.46,£42.7,£1.24,4,24,12.0
76319fe9d8b465a3,Everyday Italian: 125 Simple and Delicious Recipes,Food and Drink,£20.10,£22.71,£2.61,5,34,12.0
3968e3fbf4695d7c,Equal Is Unfair: America's Misguided Fight Against Income Inequality,Politics,£56.86,£63.11,£6.25,1,44,12.0
6983328f15506cb9,Eleanor & Park,,£56.51,£59.34,£2.83,5,0,12.0
df7e628bad5782b4,Dirty (Dive Bar #1),Romance,£40.83,£43.28,£2.45,4,41,12.0
d069086944f2e330,Can You Keep a Secret? (Fear Street Relaunch #4),Horror,£48.64,£49.13,£0.49,1,35,
49b24c6a41b82bd2,Boar Island (Anna Pigeon #19),Mystery,£59.48,£68.4,£8.92,3,5,
63343e287971bb0c,A Paris Apartment,,£39.01,£39.4,£0.39,4,3,12.0
,"A la Mode: 120 Recipes in 60 Pairings: Pies, Tarts, Cakes, Crisps, and More Topped with Ice Cream, Gelato, Frozen Custard, and More",,£38.77,£43.03,£4.26,1,25,12.0
515cb8fcafb1ad98,,Default,£48.39,£51.29,£2.9,2,15,11.0
,,,£27.26,£30.8,£3.54,2,6,11.0
985991708c47003e,"The Sleep Revolution: Transforming Your Life, One Night at a Time",,£11.68,£12.73,£1.05,4,14,11.0
437d8dea9272d0a9,The Improbability of Love,Fiction,£59.45,£67.77,£8.32,1,1,11.0
1c584f82a7a1c4f0,The Art of Startup Fundraising,,£21.00,£23.31,£2.31,3,18,11.0
cf62fa272b5f0fa3,Take Me Home Tonight (Rock Star Romance #3),Romance,,£54.52,£0.54,3,13,11.0
,,,,£55.08,£6.34,1,16,
b06599b108e83f98,,Biography,£21.15,£22.42,£1.27,2,17,11.0
05a61a3bd8ca4149,Playing with Fire,Mystery,£13.71,£14.4,£0.69,3,6,11.0
b783ce08802cd1d1,Off the Hook (Fishing for Trouble #1),Romance,£47.67,£51.48,£3.81,3,40,11.0
47e1b2d43f709995,Mothering Sunday,Fiction,£13.34,£14.54,£1.2,2,0,11.0
28b2df9fadc9f07e,"Mother, Can You Not?",Nonfiction,£16.89,£17.4,£0.51,5,33,11.0
,M rTain,,,£29.9,£2.72,1,21,
,Lilac Girls,Historical Fiction,£17.28,£19.7,£2.42,2,27,11.0
469508882dfc1991,,Fiction,£45.14,£50.11,£4.97,1,35,11.0
825d6c44da3ca5a6,Lab Girl,Autobiography,,£45.75,£4.9,1,43,11.0
20dc4f1ac5d4fd9c,Keep Me Posted,Womens Fiction,£20.46,£23.12,£2.66,4,9,11.0
,It Didn't Start with You: How Inherited Family Trauma Shapes Who We Are and How to End the Cycle,Psychology,£56.27,£56.83,£0.56,3,25,11.0
b5953ca1f8a0b8d7,Grey (Fifty Shades #4),Womens Fiction,£48.49,£50.43,£1.94,4,5,
c65c25d990fc7025,"Exit, Pursued by a Bear",Young Adult,£51.34,£56.99,£5.65,4,2,
,Draedveils,,£16.34,£17.81,£1.47,3,13,11.0
2587c54f5530dafc,Cravings: Recipes for What You Want to Eat,Food and Drink,£20.50,£21.73,£1.23,3,48,11.0
,orn fro This:How ot dFindhte Work You WeeMeant o rDo,,£21.59,£23.96,£2.37,5,27,11.0
,Area,,£21.36,£22.21,£0.85,4,9,11.0
bb967277222e689c,Adultery,Default,£20.88,£21.92,£1.04,5,19,11.0
2b69dec0193511d9,A Mother's Reckoning: Living in the Aftermath of Tragedy,Nonfiction,£19.53,£20.7,£1.17,3,40,11.0
40c4bf520c17de54,,Romance,£14.75,£16.52,£1.77,5,9,11.0
a9d7b75461084a26,11/22/1963,,,£51.87,£3.39,3,33,11.0
34669b2e9d407d3a,"10% Happier: How I Tamed the Voice in My Head, Reduced Stress Without Losing My Edge, and Found Self-Help That Actually Works",Nonfiction,£24.57,£25.55,£0.98,2,10,10.0
,10-Dy Green Smothie Ceahse: Lse Ulp to 15 oPundsin 10 Dyas!,,,£51.7,£1.99,5,43,10.0
ab60e6f5a63e1cfb,,Add a comment,£48.27,£50.68,£2.41,5,10,9.0
,,,,£66.18,£8.13,4,38,9.0
4fd0a2a350f016e6,Unlimited Intuition Now,Default,£58.87,£59.46,£0.59,4,10,
0967effecd292a86,Underlying Notes,Default,£11.82,£13.47,£1.65,2,10,
903a9f8090104c2c,The Shack,Fiction,£28.03,£30.83,£2.8,1,49,9.0
4b50fb1359ebf35d,The New Brand You: Your New Image Makes the Sale for You,,,£46.25,£2.2,5,31,9.0
65cfc9f242c2984a,"The Moosewood Cookbook: Recipes from Moosewood Restaurant, Ithaca, New York",Food and Drink,£12.34,£12.46,£0.12,4,43,9.0
33396269bcce166f,The Flowers Lied,,£16.68,£19.02,£2.34,2,19,
ca74f2e3c35a3e77,,Science,£55.91,£62.06,£6.15,1,4,9.0
3f25a2fedae191cc,The Book of Mormon,Religion,£24.57,£27.52,£2.95,3,6,
,The Art and cSience of Los qwaCrbohydrate Lving,,£52.98,£57.22,£4.24,5,38,9.0
e77594ece9b9d1fe,The Alien Club,Young Adult,£54.40,£55.49,£1.09,1,46,9.0
,Suzie Snowflake: One beautiful flake (a self-esteem story),Novels,£54.81,£56.45,£1.64,5,18,
,,,£25.08,£27.84,£2.76,1,17,9.0
ee6c67859d70186b,"NaNo What Now? Finding your editing process, revising your NaNoWriMo book and building a writing career through publishing and beyond",Default,£10.41,£10.41,£0.0,4,45,9.0
6baac632f7711e26,Modern Day Fables,Default,£47.44,£48.86,£1.42,2,30,9.0
8fab4c4f6f82a4ce,If I Gave You God's Phone Number....: Searching for Spirituality in America,,£20.91,£23.84,£2.93,1,28,9.0
97187f5cf0385da3,"Fruits Basket, Vol. 9 (Fruits Basket #9)",,,£37.68,£3.73,4,14,
7e9068872228c474,Dress Your Family in Corduroy and Denim,Humor,£43.68,£46.74,£3.06,3,23,9.0
,Djo't Forgst Steven,,£33.23,£37.88,£4.65,1,36,
7186241e043de5dc,,Nonfiction,,£38.43,£2.51,2,27,
d6d9ffea95f2f8bf,Art and Fear: Observations on the Perils (and Rewards) of Artmaking,Art,£48.63,£49.6,£0.97,4,30,9.0
63d5f1651880dcea,A Shard of Ice (The Black Symphony Saga #1),Fantasy,£56.63,£60.59,£3.96,3,0,9.0
,A Hreo's Cufse (Tie Unaseen Chroivles #1),,£50.49,£50.49,£0.0,3,30,9.0
,23 Degres Suoth: A Tropical Tle orfv hnsbing Whethfer...,,£35.79,£39.73,£3.94,2,27,9.0
e77033ce559947f7,"Zero to One: Notes on Startups, or How to Build the Future",Nonfiction,£34.06,£37.47,£3.41,3,38,
04f6c929888f4f11,Why Not Me?,Nonfiction,£17.76,£18.47,£0.71,1,47,8.0
b69c852e7e3956af,When Breath Becomes Air,Nonfiction,£39.36,£42.51,£3.15,2,5,8.0
1809259a5a5f1d8d,Vagabonding: An Uncommon Guide to the Art of Long-Term World Travel,Travel,,£38.05,£1.11,2,11,
e0bdd79c7304ee8d,The Unlikely Pilgrimage of Harold Fry (Harold Fry #1),,£43.62,£46.67,£3.05,5,47,8.0
3eec766dda26fa64,The New Drawing on the Right Side of the Brain,,£43.02,£45.17,£2.15,3,21,8.0
5a0d2e9284004266,"The Midnight Assassin: Panic, Scandal, and the Hunt for America's First Serial Killer",,£28.45,£29.87,£1.42,4,41,
,fThe Martinw (The Mqrtia n#1),,,£46.36,£4.97,2,25,8.0
4f283dfcbeccc0d4,The High Mountains of Portugal,Fiction,,£56.78,£5.63,1,1,8.0
,The Grkwnjup,,£35.88,£39.11,£3.23,1,37,8.0
a2308a936e898d48,The E-Myth Revisited: Why Most Small Businesses Don't Work and What to Do About It,Business,,£37.28,£0.37,1,1,8.0
,,,£28.93,£33.27,£4.34,1,31,8.0
a2475a245c9907c4,Smarter Faster Better: The Secrets of Being Productive in Life and Business,Nonfiction,,£42.39,£3.5,5,30,
e46a164cf310fd7d,,Suspense,£58.33,£60.66,£2.33,3,23,8.0
bee6e93e9976f4fa,Shadows of the Past (Logan Point #1),,£39.67,£43.24,£3.57,5,0,8.0
,Roller itrl,,£14.10,£16.22,£2.12,5,32,8.0
,Rising Strong,Nonfiction,£21.82,£23.13,£1.31,3,20,8.0
d56d0710668bb39c,Proofs of God: Classical Arguments from Tertullian to Barth,Philosophy,£54.21,£54.75,£0.54,1,13,8.0
4a823d80aa30dbb0,Please Kill Me: The Uncensored Oral History of Punk,Music,£31.19,£33.06,£1.87,4,38,8.0
c0fc0cd215ee1724,Out of Print: City Lights Spotlight No. 14,Poetry,£53.64,£60.08,£6.44,5,6,
,,,£36.39,£41.12,£4.73,5,17,8.0
bff270fe9c86a5a9,Miller's Valley,Fiction,,£60.3,£1.76,2,21,8.0
4729afff3bea0f0a,Man's Search for Meaning,,£29.48,£30.95,£1.47,3,8,8.0
4d3a4c7b442a9a4e,"Love That Boy: What Two Presidents, Eight Road Trips, and My Son Taught Me About a Parent's Expectations",Nonfiction,£25.06,£28.82,£3.76,2,41,8.0
044534b0b28b4e87,Living Forward: A Proven Plan to Stop Drifting and Get the Life You Want,Nonfiction,,£14.18,£1.63,3,15,
,es lFeurs du Mal,,£29.04,£30.78,£1.74,5,38,8.0
29af1a2566c4e36e,Left Behind (Left Behind #1),Default,£40.72,£44.38,£3.66,2,14,8.0
39eefec3a8498dde,Kill 'Em and Leave: Searching for James Brown and the American Soul,Music,£45.05,£50.91,£5.86,5,46,8.0
0cf57cb49272fd37,Kierkegaard: A Christian Missionary to Christians,,£47.13,£49.02,£1.89,1,24,8.0
bd26e8a79a856c31,John Vassos: Industrial Design for Modern Life,Default,,£21.03,£0.81,4,35,
0ab4b35dcffcffd1,I'll Give You the Sun,Default,£56.48,£57.61,£1.13,1,9,8.0
bbf1ea50be8008ab,I Will Find You,Nonfiction,,£50.4,£6.19,1,0,
0bfdef63285d3019,Hystopia: A Novel,Fiction,,£23.5,£1.54,4,46,8.0
b7870fa6dc088fbb,Howl and Other Poems,Poetry,£40.45,£41.26,£0.81,2,16,8.0
8a150fd8ff5d7686,History of Beauty,,,£10.7,£0.41,4,35,8.0
d48c1369927ebef1,Heaven is for Real: A Little Boy's Astounding Story of His Trip to Heaven and Back,,£52.86,£60.26,£7.4,2,47,
df6a7c43faa6732b,Future Shock (Future Shock #1),Young Adult,£55.65,£56.21,£0.56,5,46,
,Ender's Game (The Ender Quintet #1),Default,£43.64,£49.31,£5.67,1,22,8.0
0c11e2d068768dbb,Diary of a Citizen Scientist: Chasing Tiger Beetles and Other New Ways of Engaging the World,Science,,£28.69,£0.28,1,34,8.0
4dbd54d9e36c9566,Death by Leisure: A Cautionary Tale,Default,£37.51,£39.39,£1.88,4,25,8.0
7f5157bf53065d36,,History,£11.45,£12.14,£0.69,3,46,
77e9ea355bd8ae57,Brazen: The Courage to Find the You That's Been Hiding,Nonfiction,£19.22,£21.33,£2.11,2,36,
04e3de7ac35ec5cd,Between the World and Me,Nonfiction,£56.91,£59.76,£2.85,4,47,8.0
15ebd83e53d0391b,Being Mortal: Medicine and What Matters in the End,Nonfiction,,£62.22,£7.16,4,26,8.0
fef91502cbacf23a,"A Murder Over a Girl: Justice, Gender, Junior High",Nonfiction,£13.20,£14.92,£1.72,3,28,8.0
b1a227b7609ff263,32 Yolks,Food and Drink,,£57.38,£3.75,2,2,8.0
f16c2edb2a603f92,"""Most Blessed of the Patriarchs"": Thomas Jefferson and the Empire of the Imagination",History,£44.48,£44.92,£0.44,5,15,8.0
88ec621893e595d0,You Are a Badass: How to Stop Doubting Your Greatness and Start Living an Awesome Life,Self Help,£12.08,£12.2,£0.12,3,21,7.0
b46d022080543144,Wildlife of New York: A Five-Borough Coloring Book,,£22.14,£24.35,£2.21,2,33,7.0
9735c969c652dd89,What Happened on Beale Street (Secrets of the South Mysteries #2),Mystery,£25.37,£28.67,£3.3,5,14,7.0
,Unreaoable Hop:e FndnigFacfh int he God Who Brings Puropse to Your Pain,,£46.33,£47.26,£0.93,2,41,7.0
a94350ee74deaa07,Under the Tuscan Sun,Travel,£37.33,£40.32,£2.99,3,20,7.0
4242cc3d0437db12,Toddlers Are A**holes: It's Not Your Fault,Humor,£25.55,£26.83,£1.28,1,8,7.0
,The Year of Living Biblically: One Man's Humble Quest to Follow the Bible as Literally as Possible,Default,,£35.41,£0.69,1,17,7.0
0ff9d10864db8364,The Whale,Childrens,£35.96,£39.2,£3.24,4,44,7.0
9147c5251cc99eb1,The Story of Art,Art,£41.14,£46.9,£5.76,4,29,7.0
,,,£10.01,£10.71,£0.7,4,39,7.0
a8dbf1c6b41b885a,The Great Gatsby,Default,£36.05,£38.93,£2.88,4,30,7.0
,The God iGrl,,£49.03,£54.42,£5.39,3,21,7.0
,,Add a comment,£16.24,£16.56,£0.32,1,32,
57f85720e54d6442,,Biography,£39.55,£43.11,£3.56,1,15,
7a10353c9c54cf7c,The Drowning Girls,Add a comment,£35.67,£36.74,£1.07,3,47,
24933c712f0bca2f,The Constant Princess (The Tudor Court #1),Historical Fiction,£16.62,£17.28,£0.66,3,49,7.0
,The Bourne Identity (Jason Bourne #1),,£42.78,£47.49,£4.71,4,2,7.0
20789fb17b423c4c,The Bachelor Girl's Guide to Murder (Herringford and Watts Mysteries #1),Mystery,£52.30,£58.05,£5.75,5,25,
4b8fa561a1e52d1c,,Art,£32.34,£36.54,£4.2,2,42,7.0
5fbd03b1ac0a0e69,The 7 Habits of Highly Effective People: Powerful Lessons in Personal Change,Default,,£34.5,£1.33,4,14,7.0
ba047a636b7d3793,Team of Rivals: The Political Genius of Abraham Lincoln,Add a comment,£20.12,£22.94,£2.82,5,38,
8776181be110838a,,,£20.90,£22.15,£1.25,2,17,7.0
bd087cf6a846db75,"Sit, Stay, Love",Romance,£20.90,£23.2,£2.3,3,14,7.0
,Sisetr eear,,£40.20,£45.83,£5.63,4,4,7.0
,"Shrunken Treasures: Literary Classics, Short, Sweet, and Silly",Childrens,,£60.27,£7.4,3,24,7.0
8486f61aa81a3daa,"Rich Dad, Poor Dad",Business,£51.74,£59.5,£7.76,1,23,7.0
31c56c4d0fe19340,,Childrens,£34.41,£36.13,£1.72,2,23,7.0
68008abf6409dfde,,,£32.38,£36.27,£3.89,1,49,7.0
746029796363aa51,Nightstruck: A Novel,Young Adult,£50.35,£55.39,£5.04,4,13,7.0
924438fc6cbec836,,Food and Drink,£11.38,£11.72,£0.34,5,23,7.0
725cd8d23d78cdca,,Womens Fiction,£43.58,£44.89,£1.31,3,1,
dac4b5847454fd9b,Memoirs of a Geisha,Fiction,£49.67,£51.16,£1.49,3,10,7.0
b6670507e85b30e6,,,£28.77,£33.09,£4.32,2,31,7.0
,Lfeof Pi,,£13.22,£14.01,£0.79,4,28,7.0
b74ee891e2a6dd69,Leave This Song Behind: Teen Poetry at Its Best,,£51.17,£53.22,£2.05,5,22,7.0
4c82371b8cd02d4d,King's Folly (The Kinsman Chronicles #1),,£39.61,£40.8,£1.19,5,12,7.0
68407606544d6f22,John Adams,Add a comment,£57.43,£63.75,£6.32,4,20,7.0
,Hoaw  toCook Eveything fVegteatian: Slmpl Meatlesx Rrecipse forh Gtreat Foiod (How to Cook Eevtrything),,,£49.69,£3.68,4,26,7.0
eff5710404e2ff78,,Food and Drink,£28.25,£30.51,£2.26,2,40,7.0
,fGood in eBd (Canniw Shapuiro #),,£37.05,£41.13,£4.08,5,0,7.0
,"Fruits Baket,Vol. 7 (uits aBskfet #7",,£19.57,£19.77,£0.2,1,34,7.0
2e40333991f56f45,For the Love: Fighting for Grace in a World of Impossible Standards,Nonfiction,£45.13,£46.48,£1.35,3,43,7.0
,Finding God in the Ruins: How God Redeems Pain,Nonfiction,£46.64,£49.44,£2.8,2,6,7.0
4fa75fc6829431ca,Every Heart a Doorway (Every Heart A Doorway #1),Fantasy,£12.16,£12.4,£0.24,5,47,7.0
4e980425468708da,Delivering the Truth (Quaker Midwife Mystery #1),Mystery,£20.89,£24.02,£3.13,4,21,7.0
4807043b8218e9ce,Counted With the Stars (Out from Egypt #1),,£17.97,£20.31,£2.34,5,38,7.0
,"Chonicle, Vol. 1",,£52.60,£53.65,£1.05,2,49,7.0
a322361a37a78d3d,Blue Like Jazz: Nonreligious Thoughts on Christian Spirituality,Christian,£25.77,£27.83,£2.06,1,20,
5b546a46a86a9d8c,,Biography,£48.19,£51.08,£2.89,3,17,
6b52904b2ab91bf6,,Philosophy,£29.93,£34.12,£4.19,5,44,7.0
cc1936a9f4e93477,A Summer In Europe,Travel,£44.34,£47.89,£3.55,2,26,
6c7fa6844380f50a,A Short History of Nearly Everything,History,£52.40,£60.26,£7.86,5,21,7.0
d1378a0ad06ff979,A Gathering of Shadows (Shades of Magic #2),Fantasy,£44.81,£45.26,£0.45,4,23,
5ba3d703d1ae0c1d,,,,£60.73,£2.89,5,4,6.0
774fa432bd7d9c47,The Rise and Fall of the Third Reich: A History of Nazi Germany,,,£42.05,£2.38,2,24,6.0
fd364afd082f5446,The Perks of Being a Wallflower,Default,,£56.67,£1.65,3,17,6.0
,hej ystedrious Affir at Styles (Hecrukle Pirto #1),,£24.80,£26.78,£1.98,4,41,6.0
60376aa71be66083,The Man Who Mistook His Wife for a Hat and Other Clinical Tales,Nonfiction,,£60.64,£1.19,4,17,6.0
2efa5a839e62b1bd,The Makings of a Fatherless Child,Default,£31.58,£31.58,£0.0,2,29,
d326e189b1210916,,Add a comment,£43.27,£46.3,£3.03,4,29,6.0
e6635f5b0a2c78db,,Historical Fiction,£37.34,£38.09,£0.75,1,38,6.0
72b5355dda190b6a,,Default,£17.80,£19.76,£1.96,5,47,6.0
,The yrezatRailway Baaar,,,£31.46,£0.92,1,47,6.0
,,,£18.77,£20.08,£1.31,1,49,
2bc80eba94950873,The God Delusion,,£46.85,£49.19,£2.34,3,4,6.0
eb7459e0c570251d,The Girl You Left Behind (The Girl You Left Behind #1),Historical,£15.79,£18.0,£2.21,1,0,6.0
cb17945cb90b7837,The Fellowship of the Ring (The Lord of the Rings #1),Default,£10.27,£11.5,£1.23,2,47,6.0
3d250ab0f12be445,The Collected Poems of W.B. Yeats (The Collected Works of W.B. Yeats #1),,£15.42,£16.19,£0.77,5,45,6.0
6478ccb4416e6a5d,,Food and Drink,,£65.91,£5.99,5,40,
2a1b3d967cda1da2,Tell the Wolves I'm Home,Young Adult,£50.96,£54.53,£3.57,2,29,6.0
8d8e9f9b8730eb25,Ship Leaves Harbor: Essays on Travel by a Recovering Journeyman,Default,£30.60,£33.35,£2.75,3,22,6.0
720c36b2bee4692e,Pride and Prejudice,,£19.27,£21.58,£2.31,4,32,
6d235933670503d9,Musicophilia: Tales of Music and the Brain,Default,£46.58,£48.44,£1.86,1,16,6.0
f38f37ed934d84b2,,Add a comment,,£54.33,£5.82,3,3,6.0
7a2b51f69e81c722,,Fiction,£19.02,£21.11,£2.09,1,49,6.0
6958de044cb28a84,In the Woods (Dublin Murder Squad #1),Mystery,,£40.3,£1.92,2,14,6.0
,,Nonfiction,£49.98,£49.98,£0.0,4,14,6.0
e792c0969cefe1b8,How to Stop Worrying and Start Living,,,£52.53,£6.04,5,47,6.0
012170e4fc87ace0,,Thriller,£18.32,£20.52,£2.2,2,27,6.0
,"virk, Interrupted",,,£43.4,£1.26,3,4,6.0
56a34d0cec11d6b0,,Add a comment,£56.59,£61.68,£5.09,4,48,6.0
97258f576d4bb672,,Sequential Art,£20.96,£23.48,£2.52,4,4,6.0
4e3b183180e2a992,Deception Point,Fiction,£40.32,£43.95,£3.63,4,18,
6e06d0f00f6da20f,"Death Note, Vol. 6: Give-and-Take (Death Note #6)",,£36.39,£38.21,£1.82,3,9,
f3c70d296ec796c4,Catherine the Great: Portrait of a Woman,History,£58.55,£61.48,£2.93,4,10,6.0
faf841f81c52638b,Better Homes and Gardens New Cook Book,Food and Drink,£39.61,£39.61,£0.0,3,23,6.0
46cb43c2ab133ccc,An Unquiet Mind: A Memoir of Moods and Madness,Psychology,,£24.28,£2.98,3,49,6.0
9e60929f521fa280,A Year in Provence (Provence #1),Travel,£56.88,£56.88,£0.0,4,14,
,,,£32.97,£33.96,£0.99,4,22,5.0
e75f3ae1da1cc652,"Will Grayson, Will Grayson (Will Grayson, Will Grayson)",Young Adult,,£48.26,£0.95,4,29,
759ee7d059b1beb8,,Nonfiction,£48.67,£53.54,£4.87,2,9,5.0
60369d96b7b80869,Where She Went (If I Stay #2),Young Adult,£41.73,£43.82,£2.09,4,37,5.0
163d89116179c33f,What If?: Serious Scientific Answers to Absurd Hypothetical Questions,Default,,£55.29,£1.61,4,10,5.0
3a7d54a264d9f33e,Two Summers,Young Adult,£14.64,£15.66,£1.02,1,22,
bc209a900101f28d,This Is Your Brain on Music: The Science of a Human Obsession,Music,£38.40,£38.4,£0.0,1,32,5.0
abbb492978ff656d,The Secret Garden,Classics,£15.08,£15.38,£0.3,4,6,
,Thd RavenKibn g(Thre Raven Cylce #4),,£30.57,£33.63,£3.06,2,14,5.0
,yheR avden Bys hTre Raven Cycle #1),,£57.74,£58.32,£0.58,4,47,5.0
,he Pkowre Greens vooknbook: 140 eDeplicious Superflod Reclpes,,£11.05,£11.05,£0.0,5,17,5.0
93379e3a2072a01b,The Metamorphosis,Classics,£28.58,£31.72,£3.14,1,16,
0d210d2448c3018f,The Mathews Men: Seven Brothers and the War Against Hitler's U-boats,History,£42.91,£45.06,£2.15,5,35,5.0
dfd9ff1f343cdaff,,Fiction,£24.73,£28.44,£3.71,3,45,5.0
c4589ee5977a47be,The Hiding Place,History,£55.91,£57.59,£1.68,4,35,5.0
3213b1f13f5f0f7c,The Grand Design,Science,,£14.86,£1.1,3,30,
ad84f18659e6bfe2,,,£45.56,£47.84,£2.28,3,42,5.0
3661360c99719414,The Fault in Our Stars,Default,£47.22,£51.94,£4.72,1,3,5.0
a2a9f76339d21ab1,The False Prince (The Ascendance Trilogy #1),Fantasy,£56.00,£56.56,£0.56,5,25,
fe7210553d56c097,The Expatriates,Fiction,£44.58,£47.25,£2.67,2,43,5.0
fec06f52054ea900,The Dream Thieves (The Raven Cycle #2),Default,£34.50,£34.84,£0.34,1,6,5.0
,The Darekst Croners,,,£12.69,£1.36,5,9,5.0
b228042c088b1913,The Crossover,Poetry,£38.77,£42.65,£3.88,4,31,5.0
b716233fcb6877e6,The 5th Wave (The 5th Wave #1),Default,£11.83,£12.42,£0.59,2,40,5.0
,Tell rthe Wibd and tire,,£45.51,£48.24,£2.73,3,11,5.0
,eTll Me Three rbhnigs,,£41.81,£44.74,£2.93,1,22,5.0
1dba84766a5e87b8,Talking to Girls About Duran Duran: One Young Man's Quest for True Love and a Cooler Haircut,Nonfiction,£25.15,£27.16,£2.01,4,4,5.0
84bb29c53592ac40,Siddhartha,Fiction,£34.22,£38.33,£4.11,5,26,5.0
59a8ae019b64f2a7,Shiver (The Wolves of Mercy Falls #1),,£16.23,£18.66,£2.43,5,25,
2973d38c2fbd7a5c,Remember Me?,Default,£11.48,£12.05,£0.57,3,40,
e958ae92f328c181,,Horror,£23.37,£24.54,£1.17,3,18,5.0
,Pea: eScrebgts fo th eNewScience of Expertise,,£16.28,£16.61,£0.33,2,39,5.0
a4ce39a3720cd679,My Mother Was Nuts,Nonfiction,£31.63,£35.11,£3.48,4,47,5.0
12a90b90283b2e6d,Mexican Today: New and Rediscovered Recipes for Contemporary Kitchens,Food and Drink,£24.91,£27.9,£2.99,5,15,5.0
81c68492ccd72941,Maybe Something Beautiful: How Art Transformed a Neighborhood,Childrens,£22.54,£23.89,£1.35,1,0,5.0
5e1a88d248599768,Lola and the Boy Next Door (Anna and the French Kiss #2),Young Adult,£23.63,£24.81,£1.18,4,0,5.0
7093cf549cd2e7de,Logan Kade (Fallen Crest High #5.5),Academic,£13.12,£13.51,£0.39,2,24,5.0
07e6810fd3236bda,Last One Home (New Beginnings #1),,£59.98,£62.98,£3.0,3,42,5.0
,lKilling Folo r(Jack Resacber #1),,£31.49,£32.75,£1.26,4,2,5.0
44f545727e704187,Kill the Boy Band,Young Adult,,£17.85,£2.33,5,9,
45045146dbf7b009,Isla and the Happily Ever After (Anna and the French Kiss #3),Young Adult,£48.13,£51.5,£3.37,5,8,5.0
,Idf I Stay (fI I Stay #1),,£38.13,£41.94,£3.81,5,2,5.0
d219d4e325e6f204,I Know Why the Caged Bird Sings (Maya Angelou's Autobiography #1),Default,£36.55,£39.84,£3.29,2,21,5.0
6c49258724f11770,,Default,,£24.72,£1.4,1,31,5.0
3fd83dcf37bf1bc0,"Fruits Basket, Vol. 5 (Fruits Basket #5)",,£16.33,£17.8,£1.47,1,44,5.0
3fc124f59f3068e4,Foundation (Foundation (Publication Order) #1),Science Fiction,£32.42,£36.63,£4.21,1,27,5.0
630e766f0a1987dd,Fool Me Once,,,£18.83,£1.87,1,32,5.0
,Find Hedr (Deteciev eDD.. Wafren #8),,£22.37,£24.16,£1.79,1,32,5.0
75cc85cdbe9ad46b,,Add a comment,£42.27,£46.5,£4.23,1,22,5.0
d5ad4c92d8bf26c9,,,£38.70,£41.41,£2.71,2,5,5.0
e46b1074b99ac4b6,Dracula the Un-Dead,,£35.63,£36.7,£1.07,5,8,5.0
94bb629a3f6dd00b,Digital Fortress,Fiction,£58.00,£66.7,£8.7,5,45,5.0
1c0a38899c82b60a,,Sequential Art,£52.41,£55.55,£3.14,1,1,5.0
bcf567421c581f0a,"Data, A Love Story: How I Gamed Online Dating to Meet My Match",Nonfiction,£32.35,£36.56,£4.21,3,28,5.0
429b4a811bef386c,Critique of Pure Reason,Philosophy,£20.75,£22.0,£1.25,1,16,5.0
b54d7416bb445989,Booked,Poetry,£17.49,£19.94,£2.45,5,35,5.0
ad5e078beceaeb4a,"Blue Lily, Lily Blue (The Raven Cycle #3)",Default,£34.13,£37.54,£3.41,5,34,5.0
612369a5947a012e,Approval Junkie: Adventures in Caring Too Much,Autobiography,£58.81,£65.28,£6.47,5,3,5.0
f36d24c309e87e5b,,Young Adult,£10.00,£10.6,£0.6,5,33,
,Anmdric'a War ofr teh Grfeater MiddleEas:A  Military History,,,£55.32,£4.1,2,19,5.0
d9290e99f189ce84,Alight (The Generations Trilogy #2),,£58.59,£65.62,£7.03,4,3,
cf3b86489890b9f2,A Girl's Guide to Moving On (New Beginnings #2),Romance,£31.30,£31.93,£0.63,1,28,5.0
03cbb67c0f990d87,A Game of Thrones (A Song of Ice and Fire #1),Add a comment,£46.42,£48.28,£1.86,2,11,5.0
f2c8f4b4c94d5c5c,A Feast for Crows (A Song of Ice and Fire #4),Fantasy,£17.21,£19.62,£2.41,4,21,5.0
89a89e76f3516357,A Clash of Kings (A Song of Ice and Fire #2),Add a comment,£10.79,£11.22,£0.43,3,44,
,Vogue oClosA to Z: A Fashippon oloring Book,,£52.35,£59.16,£6.81,4,19,4.0
d4de23aa98acc65b,The Shining (The Shining #1),Default,£27.88,£29.83,£1.95,3,9,
6053ddf69c967d5f,The Pilgrim's Progress,Classics,£50.26,£52.27,£2.01,2,24,4.0
,The Preect lPlay lay b Play #1),,£59.99,£65.39,£5.4,3,44,4.0
011674f4a3834b8d,The Passion of Dolssa,,£28.32,£32.28,£3.96,5,10,4.0
6a57286a8890d8c5,The Jazz of Physics: The Secret Link Between Music and the Structure of the Universe,,£38.71,£38.71,£0.0,3,47,4.0
6d2f70d9424f41a1,,Default,£29.85,£30.15,£0.3,5,2,4.0
,Tbe Hkoundo f theB askervklle sS(herlocm Hollds #5),,£14.82,£16.89,£2.07,2,1,
45033bdf3d9ed158,The Gunning of America: Business and the Making of American Gun Culture,Nonfiction,£16.81,£18.49,£1.68,4,40,4.0
,hf Georaphyo f Bilss: OneG ruml's Search for the HaplpietsPlaces ni hte Wrkld,,£28.23,£31.05,£2.82,2,27,4.0
ff2dffba388d9922,The Demonists (Demonist #1),Fantasy,£52.11,£57.84,£5.73,2,18,4.0
df53c2948b32bde3,"The Demon Prince of Momochi House, Vol. 4 (The Demon Prince of Momochi House #4)",,,£29.83,£1.95,2,1,4.0
9c4d061c1e2fe6bf,,Thriller,,£62.7,£2.99,3,32,4.0
8930013d06942df1,The Beast (Black Dagger Brotherhood #14),,£46.08,£46.54,£0.46,5,34,4.0
31f5bbf4974d29c9,Some Women,Womens Fiction,,£15.1,£1.37,5,26,
38199c5d7da0c0ef,Shopaholic Ties the Knot (Shopaholic #3),Womens Fiction,£48.39,£50.81,£2.42,5,1,
ae884ac655d6ee3e,Paper and Fire (The Great Library #2),Fantasy,,£54.89,£5.44,5,41,
5de4baa88061a77a,Outlander (Outlander #1),Default,£19.67,£22.03,£2.36,5,49,
,"Orchesrta of Exioews: Tghe Str yofB ronislaaw yHiberman, the Isrel lhmlharmonic, sanfd thwe nie hTohusad nJews He Sved from Nazi Horrors",,,£13.6,£1.24,3,7,4.0
3a95f5a2df4ff921,,Music,£20.02,£21.22,£1.2,5,47,4.0
,Nkght ehitf (Nihgt Sgif t#1-20),,£12.75,£14.53,£1.78,4,45,4.0
70b585c9d0f15725,Needful Things,Horror,£47.51,£47.51,£0.0,4,4,4.0
,,,,£23.51,£3.07,4,39,4.0
81d4191030b9704b,,,£34.79,£39.31,£4.52,2,48,4.0
,,,£28.07,£31.16,£3.09,4,0,4.0
670a2773607d785d,It,Horror,£25.01,£28.01,£3.0,3,36,
ac337893a9fe0085,,Default,£13.90,£14.73,£0.83,3,43,4.0
,Harry Potter and the Prisoner of Azkaban (Harry Potter #3),Young Adult,,£24.17,£0.0,4,33,4.0
5a6b7155f2797537,Harry Potter and the Order of the Phoenix (Harry Potter #5),Fantasy,£31.63,£35.74,£4.11,4,49,4.0
,Harry Potter and the Half-Blood Prince (Harry Potter #6),Fantasy,£48.75,£53.63,£4.88,5,10,4.0
c7c4f55b7321cba7,Harry Potter and the Chamber of Secrets (Harry Potter #2),Fantasy,£14.74,£15.62,£0.88,1,6,
23310ce84d3c9f85,Gone with the Wind,Classics,£32.49,£35.41,£2.92,3,32,4.0
ddbc5530d2939d49,God Is Not Great: How Religion Poisons Everything,Nonfiction,£27.80,£29.19,£1.39,1,21,4.0
5eff05e59f905a49,Girl With a Pearl Earring,Historical Fiction,,£30.52,£3.75,1,3,4.0
8fff1084aa085a13,,Sequential Art,,£55.99,£5.55,4,14,4.0
,Fra FromTrue( ros Falsl Trilogy #2),,£34.93,£39.82,£4.89,2,46,4.0
,sark Loevr (Black Dagrg Brotherhoos# 1),,£12.87,£14.41,£1.54,1,9,
,Confsesuions of z eShopaholic (Sohpyhaoliv #1),,£48.94,£51.88,£2.94,2,8,4.0
aaebac5fda798b1b,Changing the Game (Play by Play #2),Romance,,£13.51,£0.13,3,34,4.0
2798974abc8a58a8,Candide,Classics,,£59.22,£0.59,3,13,4.0
,Can You Keep a Secret?,Womens Fiction,,£23.26,£1.32,1,6,
78a4ac98191ac675,Atlas Shrugged,Fiction,,£29.5,£2.92,5,35,4.0
1451b55e5e56bb89,Animal Farm,Classics,,£60.65,£3.43,3,29,4.0
,AW aok to eRmember,,£56.43,£62.07,£5.64,1,22,
f6ae39568db1130e,A New Earth: Awakening to Your Life's Purpose,Spirituality,£55.65,£61.22,£5.57,5,14,4.0
d12ca4020c2f602e,,,£27.62,£29.83,£2.21,1,46,4.0
,'Salem's Lot,Horror,,£50.06,£0.5,4,29,4.0
,Zero Hustory (nleu Ant #3),,£34.77,£37.2,£2.43,1,32,3.0
,Wuthwerng Heigts,,£17.73,£19.68,£1.95,3,25,3.0
5d55202da0252627,World War Z: An Oral History of the Zombie War,Default,£21.80,£23.54,£1.74,1,33,
d30b9215c72cca87,Wild: From Lost to Found on the Pacific Crest Trail,Default,£46.02,£48.32,£2.3,3,44,3.0
07bb35158d9dd3d2,,Default,£18.13,£20.31,£2.18,1,10,3.0
dab0196cd5fc8e5e,When You Are Engulfed in Flames,,£30.89,£33.05,£2.16,5,19,3.0
,We the People: The Modern-Day Figures Who Have Reshaped and Affirmed the Founding Fathers' Vision of America,Nonfiction,£31.95,£33.55,£1.6,3,10,3.0
be3db344a845580b,We Are All Completely Beside Ourselves,Contemporary,£24.04,£26.2,£2.16,1,35,3.0
0e4e2d31c2fb3aad,,Young Adult,£32.36,£33.98,£1.62,3,45,3.0
7feac4000cbc5859,Voyager (Outlander #3),Historical Fiction,£21.07,£23.18,£2.11,5,25,3.0
,Very Godo Lvies: The Fringe Beneifts of Failure adn th deIpoftamnce ofI maigmnation,,£50.66,£55.22,£4.56,3,21,3.0
4672d10b9b1e7a05,,Food and Drink,£13.66,£15.3,£1.64,2,19,3.0
b830685072fa871f,"Unstuffed: Decluttering Your Home, Mind, and Soul",Nonfiction,£58.09,£62.74,£4.65,1,8,
,Undef the aBnner f Heavdn: A Stodry ofV ioleng Fat,,£30.00,£33.6,£3.6,1,35,3.0
61bc8167c9680283,Two Boys Kissing,Young Adult,£32.74,£34.7,£1.96,2,34,3.0
b53078de0147f6bf,Twilight (Twilight #1),Default,£41.93,£44.87,£2.94,2,16,3.0
8ebad30219b8679c,Twenties Girl,Womens Fiction,£42.80,£43.23,£0.43,2,8,3.0
2173a2ce35f6ace1,"Trespassing Across America: One Man's Epic, Never-Done-Before (and Sort of Illegal) Hike Across the Heartland",Nonfiction,£53.51,£58.86,£5.35,1,43,3.0
57f755143ee96fd4,Three-Martini Lunch,Fiction,£23.21,£26.23,£3.02,3,27,3.0
719d72f3ee512dc6,"Thinking, Fast and Slow",Psychology,£21.14,£22.41,£1.27,1,27,3.0
75fed6a47f69859d,The Wild Robot,Childrens,£56.07,£57.19,£1.12,3,32,3.0
,"Tgnhe Wickee + The ivne,fol. 3: Commerxcial Suivcide (rhe qWicked + The Divine)",,£14.41,£16.57,£2.16,3,17,3.0
813cff2aefa5d1f0,The Undomestic Goddess,Womens Fiction,£45.75,£50.32,£4.58,4,29,3.0
2b685187f55c5d31,,Thriller,£15.77,£16.4,£0.63,1,1,3.0
224fa77d4b248046,,Add a comment,£10.02,£10.42,£0.4,2,40,3.0
3d15714d4d3d15dd,The Thing About Jellyfish,Childrens,,£55.6,£6.83,1,39,
49f24193f0b961e6,The Stand,Horror,£57.86,£59.6,£1.74,2,12,
742702d662a71410,The Smitten Kitchen Cookbook,Food and Drink,£23.59,£25.71,£2.12,1,48,3.0
,,Mystery,£23.05,£26.51,£3.46,5,12,
,Tnhe Sandamb Vol. 3 :Dteam Countrt (The Sandmna (okues) #3),,£55.55,£57.77,£2.22,5,35,3.0
322a9e34d87f54b1,,,£58.64,£62.74,£4.1,4,1,3.0
366a236aa1ea6f07,,Travel,£23.21,£24.6,£1.39,1,28,
1a5044d233936b1a,,Biography,£42.57,£45.12,£2.55,3,44,
,rTh eRsstaruqnt at th eEnd of fe Ujniveree (Hiytchnhiker's uGide to the Galaxg #2),,£10.92,£11.58,£0.66,1,4,3.0
,The Rets Is Nose: Liaening rofhe Tentieth Century,,£34.77,£35.12,£0.35,1,37,
,gbhe Red Tent,,,£40.3,£4.64,5,13,3.0
0e7beedf0ee9380c,The Purpose Driven Life: What on Earth Am I Here for?,,£37.19,£38.68,£1.49,3,34,3.0
969f6c7e86554814,The Purest Hook (Second Circle Tattoos #3),Romance,,£13.23,£0.98,1,6,3.0
b9f6305a3d650e2c,,Classics,£29.70,£31.18,£1.49,2,31,3.0
fa26798728f5208f,,,£36.80,£39.74,£2.94,3,9,3.0
ee441c8e027caa66,,,£45.43,£48.61,£3.18,1,5,3.0
,TheNjghtingale,,£26.26,£27.57,£1.31,4,1,3.0
3e42ac0f4d43320f,The New Guy (and Other Senior Year Distractions),Young Adult,£44.92,£45.82,£0.9,3,10,3.0
6263c1d2997b8ce0,The Nanny Diaries (Nanny #1),Womens Fiction,£52.53,£58.31,£5.78,5,15,3.0
0baf71623648413a,The Name of God is Mercy,Nonfiction,£37.25,£38.37,£1.12,2,27,3.0
4266f48a0aa1c37d,The Maze Runner (The Maze Runner #1),,£20.93,£23.86,£2.93,1,17,3.0
36c15687f5ab0f7c,The Lover's Dictionary,Default,£58.09,£63.32,£5.23,2,18,3.0
cf2f27fdf94ba20e,The Lonely Ones,Childrens,£43.59,£45.33,£1.74,5,31,
70c7c3ca7f9b2728,The Lean Startup: How Today's Entrepreneurs Use Continuous Innovation to Create Radically Successful Businesses,Business,,£35.62,£1.7,3,20,3.0
476c7972e9b41891,The Last Painting of Sara de Vos,Historical Fiction,£55.55,£60.55,£5.0,2,27,3.0
,"TheLand og 10,00 Mwdonnsa",,£29.64,£33.2,£3.56,4,48,3.0
554e9e2d532b3a87,The Infinities,,£27.41,£29.6,£2.19,1,30,3.0
ff6bb30dd0c482a6,The Husband's Secret,Fiction,,£55.66,£3.15,5,43,
a8b0ea6490bc818f,,Add a comment,£47.80,£53.06,£5.26,3,23,3.0
b5da59dd177eb36b,The Guns of August,History,£14.54,£15.41,£0.87,2,4,
4a0a276409968a73,The Guernsey Literary and Potato Peel Pie Society,Historical Fiction,,£54.98,£5.45,1,0,3.0
c88422d8959260ab,The Goldfinch,Default,£43.58,£48.81,£5.23,3,28,3.0
e2dac1f4739e0bd5,The Giver (The Giver Quartet #1),,£12.30,£13.41,£1.11,1,25,
92dcc54a27107a37,The Girl with All the Gifts,Horror,£49.47,£51.94,£2.47,3,7,
bfa9cb304075d3e8,,Default,£22.14,£24.58,£2.44,2,17,3.0
8f5d16a5a9bd58b2,The Girl Who Kicked the Hornet's Nest (Millennium Trilogy #3),Add a comment,£57.48,£62.08,£4.6,1,46,3.0
dd003e904727281a,,Mystery,£43.45,£46.49,£3.04,3,17,3.0
b3f2bc2cefb35f05,"The End of Faith: Religion, Terror, and the Future of Reason",,,£23.02,£0.89,4,6,3.0
,,,£13.03,£14.59,£1.56,4,18,3.0
63c0826ef59eae66,"The Disappearing Spoon: And Other True Tales of Madness, Love, and the History of the World from the Periodic Table of the Elements",,£57.35,£60.22,£2.87,5,48,3.0
a6ab0cb7106a67f2,The Devil Wears Prada (The Devil Wears Prada #1),Womens Fiction,,£46.5,£2.21,1,12,
f51062bf579507d9,,,£52.25,£58.0,£5.75,4,12,3.0
b22362b434e8ee62,The Day the Crayons Came Home (Crayons),Childrens,£26.33,£28.44,£2.11,5,11,3.0
dabf11918b48b40c,The Da Vinci Code (Robert Langdon #2),Fiction,£22.96,£25.94,£2.98,2,20,3.0
1be6d3b121865edb,The Cuckoo's Calling (Cormoran Strike #1),Mystery,£19.21,£21.32,£2.11,1,8,3.0
cad70d6ffd53912f,The Complete Stories and Poems (The Works of Edgar Allan Poe [Cameo Edition]),,£26.78,£28.12,£1.34,4,31,3.0
23707d3ddf14a999,The Complete Poems,,£41.32,£46.28,£4.96,5,23,
487449f4f6322f0f,,Add a comment,,£27.74,£3.19,1,41,3.0
b7f475238ed50429,The Cat in the Hat (Beginner Books B-1),Childrens,£16.26,£17.56,£1.3,2,35,3.0
970bd3316219e7dc,,Add a comment,£47.84,£52.15,£4.31,1,47,3.0
a75e274c8814b539,The Book Thief,Default,,£54.56,£1.07,2,0,3.0
08decd9664e5d56e,,,£44.84,£46.63,£1.79,5,22,
cd3dcd83bb002e78,,Add a comment,£53.71,£61.23,£7.52,5,38,3.0
b04a6a0db525857d,The Autobiography of Malcolm X,,£23.43,£24.37,£0.94,2,39,3.0
,"Tjhe At o fSimple Foor Note, sLesonw, and Recipws fron a Deilcious evolution",,£34.32,£38.1,£3.78,3,9,3.0
2858ac90c4758e1f,The Art of Fielding,Fiction,£22.10,£24.75,£2.65,1,33,3.0
61002f3b7ba5d780,,Science,£25.83,£29.45,£3.62,2,11,3.0
,Stif: The Cufrious Ljives of Human asaves,,£36.74,£36.74,£0.0,3,48,
f08667e4c0458f37,Spilled Milk: Based on a True Story,,£49.51,£52.98,£3.47,1,42,3.0
ac27ab4bcd9c492e,,Womens Fiction,£48.96,£49.94,£0.98,5,30,3.0
3fc9d51d1c4d6ba7,Something Blue (Darcy & Rachel #2),Womens Fiction,£54.62,£55.17,£0.55,1,27,3.0
,Soldie r(Talo n#),,£24.72,£26.94,£2.22,2,7,3.0
c57d3c96af23c297,Shopaholic & Baby (Shopaholic #5),Default,£46.45,£52.49,£6.04,2,18,3.0
07806456878931bc,Seven Days in the Art World,Add a comment,,£58.09,£5.76,2,27,3.0
,Seven Brief Lessons on Physics,Science,£30.60,£32.44,£1.84,4,42,3.0
,Scarlet (The Lunar Chronicles #2),Young Adult,,£16.46,£1.89,4,31,
5b2cd5b31a510848,Sarah's Key,Add a comment,£46.29,£51.84,£5.55,1,7,3.0
7b870bf85d01c2dc,"Saga, Volume 3 (Saga (Collected Editions) #3)",Sequential Art,£21.57,£22.65,£1.08,5,15,3.0
28921443f052bea6,Running with Scissors,,£12.91,£14.46,£1.55,4,14,3.0
b4f5672f68ec3a83,Rogue Lawyer (Rogue Lawyer #1),Add a comment,£50.11,£57.13,£7.02,3,35,3.0
89cad3f37c9ce226,"Rise of the Rocket Girls: The Women Who Propelled Us, from Missiles to the Moon to Mars",Nonfiction,,£43.75,£2.08,4,44,3.0
8e9dd8431170c09e,Rework,Business,£44.88,£48.02,£3.14,2,17,3.0
ecdf73ee66c33b17,Reservations for Two,Romance,£11.10,£12.43,£1.33,3,14,3.0
4c8ece50736f9e88,Red: The True Story of Red Riding Hood,,£28.54,£29.4,£0.86,3,37,3.0
2ef5dc7e278e562a,Ready Player One,,£19.07,£21.36,£2.29,4,38,3.0
3c565df219ba3274,,Default,£43.55,£47.47,£3.92,1,18,3.0
,Prdigy: Te Gaphic Nove L(egsend: fhe Grapnic Novel #2),,£43.63,£49.3,£5.67,3,40,3.0
cb62418129b864a3,Persepolis: The Story of a Childhood (Persepolis #1-2),,£39.13,£41.87,£2.74,1,16,
8e2dfd6bcf48e1e6,Packing for Mars: The Curious Science of Life in the Void,Default,£56.68,£58.38,£1.7,2,28,3.0
09a7b0b566ad6225,Outliers: The Story of Success,Nonfiction,£14.16,£15.01,£0.85,1,48,3.0
,Origjnal gake,,£31.45,£32.71,£1.26,3,27,3.0
8378c899988905ee,Orange Is the New Black,Default,£24.61,£27.07,£2.46,2,32,3.0
3250650a5c4e6f07,One for the Money (Stephanie Plum #1),Default,£32.87,£33.53,£0.66,2,13,
cb65e49993db9a93,Notes from a Small Island (Notes From a Small Island #1),,£40.17,£43.79,£3.62,1,12,3.0
c4d9fce9eff3b8ba,Night (The Night Trilogy #1),Nonfiction,,£13.78,£0.27,1,48,3.0
,eNither Here mro Thwre: Travwels i hnEruope,,£38.95,£43.62,£4.67,3,21,3.0
54aeeb4610d3ae08,Naked,Humor,,£36.13,£4.44,3,35,3.0
7ce5a92baabb6bc0,Morning Star (Red Rising #3),Default,£29.40,£31.46,£2.06,1,0,3.0
7980fa06f2b704d8,,Nonfiction,,£60.14,£2.31,1,22,3.0
e9056f9b5a40a301,Midnight Riot (Peter Grant/ Rivers of London - books #1),Fantasy,£55.46,£62.12,£6.66,2,42,
,Me Taklk Prett ne Day,,£57.60,£62.78,£5.18,2,42,3.0
,Manyuescript Fuonsd ibn Accra,,,£37.78,£2.8,2,25,3.0
,st & Wonder,,£11.87,£12.82,£0.95,2,27,3.0
,,,£12.47,£14.09,£1.62,3,16,3.0
,"iLfe, he Uinvsrse afd Everything (Hichhiker's hGuide to eth Galaxy #3)",,£33.26,£38.25,£4.99,2,36,3.0
c53d9fefcda371e9,,Autobiography,£59.04,£63.76,£4.72,5,22,3.0
4ec53ff7e2263f32,Life After Life,Default,£26.13,£27.18,£1.05,2,16,3.0
,,,£22.20,£22.64,£0.44,1,30,
,,,£45.11,£47.82,£2.71,1,25,3.0
0ce8075fab4a2b5b,Legend (Legend #1),Young Adult,,£48.93,£5.24,4,6,
d5e1a9bfe22bbf9f,,Default,£25.02,£28.02,£3.0,1,25,3.0
190fbebbf798c31a,"Lamb: The Gospel According to Biff, Christ's Childhood Pal",,£55.50,£57.72,£2.22,5,19,3.0
,,,£53.04,£56.75,£3.71,5,18,
,mJurassicPak (kurssic Pzark #1),,£44.97,£50.37,£5.4,1,5,3.0
,,,£42.38,£44.92,£2.54,1,29,
,,,,£22.52,£2.41,3,21,3.0
a7c3f1010d64799a,Into the Wild,,£56.70,£57.83,£1.13,5,20,3.0
6c4646d90b60a56c,Inferno (Robert Langdon #4),Fiction,,£44.28,£3.28,5,9,3.0
d8292cd5f1aca291,"In the Garden of Beasts: Love, Terror, and an American Family in Hitler's Berlin",Nonfiction,£28.85,£30.0,£1.15,3,32,3.0
,uf I un (If oI Run #1),,£49.97,£51.97,£2.0,4,19,3.0
,I've Got Your Number,Womens Fiction,£19.69,£20.87,£1.18,1,22,3.0
8010c7c148057fd3,I Am Malala: The Girl Who Stood Up for Education and Was Shot by the Taliban,Nonfiction,£28.88,£29.17,£0.29,2,38,3.0
,,Food and Drink,£33.14,£34.13,£0.99,3,47,
1812b8f5641287e3,,,£43.70,£46.32,£2.62,2,40,3.0
557c03c284be1bf2,House of Leaves,Horror,,£59.83,£4.94,1,21,3.0
cc1ac978a6835ef6,Horrible Bear!,,,£37.9,£0.38,2,4,3.0
,Holidyason Ice,,,£53.11,£2.04,2,9,
,Heir gt the Sky,,,£49.8,£5.73,4,29,3.0
621e2c310cec8d32,Green Eggs and Ham (Beginner Books B-16),,£10.79,£11.98,£1.19,4,38,
4f6985aca357ae09,"Grayson, Vol 3: Nemesis (Grayson #3)",Sequential Art,£42.72,£47.85,£5.13,1,40,3.0
c300cc9326592b65,Gratitude,Nonfiction,£26.66,£29.59,£2.93,5,38,3.0
d5c588b6f9c015e4,Gone Girl,,£37.60,£41.74,£4.14,5,5,3.0
984b3b6e7479b571,Golden (Heart of Dread #3),Young Adult,£42.21,£46.43,£4.22,4,10,3.0
41fc5dce044f16f5,,Historical Fiction,£46.83,£49.17,£2.34,2,2,3.0
d5f5a122a593b580,"Fruits Basket, Vol. 3 (Fruits Basket #3)",,£45.17,£51.49,£6.32,2,11,3.0
a9aa3ed5b316470b,"Friday Night Lights: A Town, a Team, and a Dream",,,£51.73,£0.51,3,7,3.0
,Fire Bojnd (eSa Hwaven/dSisters of theHeart #5),,£21.28,£21.92,£0.64,4,1,3.0
ed813a848580ba50,Fifty Shades Freed (Fifty Shades #3),Adult Fiction,£15.36,£15.36,£0.0,5,15,3.0
147019cae600694e,Fellside,,£38.62,£42.1,£3.48,1,10,3.0
,Extreme Peey (Lucas Davenpkort #26,,£25.40,£28.19,£2.79,3,33,3.0
,rragon (The Imnheriacne Cycke #1),,£43.87,£44.31,£0.44,3,6,3.0
73f71f9556442117,Eclipse (Twilight #3),,£18.74,£20.24,£1.5,1,39,3.0
36d5884d44484277,Dune (Dune #1),,£54.86,£60.35,£5.49,1,0,3.0
,Dfracula,,£52.62,£52.62,£0.0,3,35,3.0
98330e431e56a9ea,Do Androids Dream of Electric Sheep? (Blade Runner #1),Science Fiction,£51.48,£55.08,£3.6,1,43,3.0
81372abc86f65c79,,Nonfiction,£15.28,£16.96,£1.68,5,32,3.0
04d858cdeeee0da4,Dead Wake: The Last Crossing of the Lusitania,Default,£39.24,£39.63,£0.39,5,38,3.0
d234ddecef49ef4e,"David and Goliath: Underdogs, Misfits, and the Art of Battling Giants",Default,,£18.88,£1.07,1,42,3.0
468bd274ac084bb9,Darkfever (Fever #1),,£56.02,£61.06,£5.04,1,14,3.0
,Datrk Placs,,£23.90,£26.77,£2.87,5,43,
,Crazy Rich Asians (Crazy Rich Asians #1),Fiction,,£55.52,£6.39,5,32,3.0
,,,£10.62,£12.11,£1.49,1,19,
dbe33cf29ef1623d,Cosmos,,£36.17,£40.51,£4.34,2,8,
,Civkilziaton and Its sicongents,,£59.95,£61.75,£1.8,2,29,3.0
7e9579921e5407cb,,Young Adult,£26.09,£27.13,£1.04,1,26,3.0
ef49db2aaa9bb547,,Parenting,,£40.71,£3.36,2,42,3.0
b461cf238506c5b8,Career of Evil (Cormoran Strike #3),Mystery,£24.72,£28.43,£3.71,2,27,3.0
bbfc4a3b7b6c94a0,Breaking Dawn (Twilight #4),Default,,£35.28,£0.0,5,19,3.0
fd2337c1b73b686e,Brave Enough,Nonfiction,£51.32,£54.4,£3.08,5,24,3.0
,oBy Meets Boy,,£21.12,£21.96,£0.84,3,46,3.0
,"Born to Ruj: A Hiddre Trbi,e Superathlertses, an the ratdst Race fte World Has meer xeen",,£27.35,£29.54,£2.19,2,18,
0bbc48294707ba96,Blink: The Power of Thinking Without Thinking,Nonfiction,,£23.48,£1.74,5,40,3.0
860318b8e244f39c,,Nonfiction,£40.87,£45.37,£4.5,1,41,3.0
15f415d436888b2d,"Black Butler, Vol. 1 (Black Butler #1)",Sequential Art,£49.31,£54.24,£4.93,1,26,3.0
d3f9c4539c0caa64,Big Little Lies,Fiction,£22.11,£22.55,£0.44,1,40,
155e42df837ee5ff,Between Shades of Gray,Historical Fiction,£20.79,£22.66,£1.87,5,36,3.0
67dea6c75d6a1075,Best of My Love (Fool's Gold #20),,£27.41,£30.15,£2.74,2,6,3.0
3fb69f34e178d494,Beowulf,Classics,£38.35,£41.8,£3.45,2,23,3.0
5439bae708bca198,,,£21.55,£22.63,£1.08,5,37,3.0
1d89a2aa9f6ce50f,,Sequential Art,£38.02,£40.68,£2.66,2,26,3.0
5d22e2a46604b6e7,Ash,Fantasy,,£25.15,£3.09,4,41,
ef9c4f2465513956,,,£10.66,£11.51,£0.85,3,29,3.0
da0349a87c8caa2f,Are We Smart Enough to Know How Smart Animals Are?,Nonfiction,£56.58,£62.8,£6.22,1,9,
,Annie on My Mind,,,£41.25,£4.42,5,49,3.0
cfe350b20d23b02b,And Then There Were None,Classics,£35.01,£38.16,£3.15,2,2,
bcee4f289ff6699c,A Walk in the Woods: Rediscovering America on the Appalachian Trail,Nonfiction,,£34.75,£4.27,4,32,3.0
5dbd6ec4e154ad2f,A Visit from the Goon Squad,Default,£14.08,£15.07,£0.99,5,38,3.0
,,,,£32.47,£1.25,2,44,3.0
,s Hseartbrezaking Work o fSgagerig Genius,,£54.29,£55.92,£1.63,5,36,3.0
,8 Key sto kMfnal Heaklth Turoguh Exercise,,£31.04,£31.66,£0.62,1,17,3.0
165affa7adb5eded,#GIRLBOSS,Add a comment,£50.96,£53.0,£2.04,1,2,3.0
,"The Suffrgathtse( Littlde Black Clasics,# 96)",,£11.89,£13.44,£1.55,2,10,2.0
,Teh Sensseo f an Endnig,,£31.38,£32.95,£1.57,3,14,2.0
276dc716b1da8899,,Sequential Art,£54.81,£62.48,£7.67,1,29,2.0
f3c76b53b239f511,The Course of Love,Fiction,,£17.79,£1.01,3,32,
ce42e3de94226b2b,,Sports and Games,£24.42,£27.84,£3.42,1,43,2.0
9189fd009df41d0e,"Saga, Volume 2 (Saga (Collected Editions) #2)",Sequential Art,£11.75,£13.4,£1.64,3,34,
b0e479be03911916,"Run, Spot, Run: The Ethics of Keeping Pets",,£20.02,£22.22,£2.2,1,8,2.0
6fa3ea52c8e31e06,New Moon (Twilight #2),Young Adult,£12.86,£13.63,£0.77,4,38,2.0
637e5a45062aa548,,Music,£31.58,£33.47,£1.89,5,26,2.0
,Kinsdle Paperwhiet Uer's Guie,,£34.00,£35.02,£1.02,3,19,2.0
b6d3f4f4ee1f6069,H is for Hawk,Nonfiction,£57.42,£62.01,£4.59,5,13,2.0
97b8f130d32e9f4e,Girl Online On Tour (Girl Online #2),Young Adult,£53.47,£56.68,£3.21,1,3,2.0
,"Fduis Basket, Vol. 2 (rgdFuits qaske t#2)",,£11.64,£12.57,£0.93,5,7,2.0
,Diary of a Minecraft Zombie Book 1: A Scare of a Dare (An Unofficial Minecraft Book),Childrens,£52.88,£52.88,£0.0,4,20,2.0
09d26b5f819c6a36,"Y: The Last Man, Vol. 1: Unmanned (Y: The Last Man #1)",Sequential Art,£18.51,£18.7,£0.19,4,14,1.0
8ceb5c6aed2c5f8b,While You Were Mine,Historical Fiction,£41.32,£45.45,£4.13,5,32,
def389ddfda6991b,Where Lightning Strikes (Bleeding Stars #3),Romance,,£43.75,£3.98,3,26,1.0
c5f91eb481427dc5,,,£51.96,£56.64,£4.68,3,24,1.0
,ays of Seeing,,£39.51,£42.28,£2.77,5,18,1.0
e7e87087b1a44711,"Vampire Knight, Vol. 1 (Vampire Knight #1)",Paranormal,,£16.32,£0.92,1,45,1.0
dab5e75d1339706a,Vampire Girl (Vampire Girl #1),Fantasy,£53.82,£61.89,£8.07,2,40,1.0
e63c3f25338baf9a,Twenty Love Poems and a Song of Despair,Poetry,£30.95,£32.19,£1.24,4,47,
0268f149d014b389,,Nonfiction,,£58.98,£1.16,5,6,1.0
,Three Wihed (Rivfr of iTm:e Calirfni #1),,£44.18,£49.48,£5.3,2,28,1.0
,grThis One Momtn (Pushjing Limit s#1),,,£49.2,£0.49,1,46,1.0
,Thfe Zmobis Room,,£19.69,£20.08,£0.39,5,44,1.0
dac9d1e654fac737,"The Wicked + The Divine, Vol. 1: The Faust Act (The Wicked + The Divine)",Sequential Art,£36.52,£40.17,£3.65,2,18,1.0
6514add13c82b115,The Tumor,Nonfiction,£41.56,£47.38,£5.82,5,31,1.0
32d035df92ab9080,The Story of Hong Gildong,,£43.19,£46.21,£3.02,4,34,1.0
b78deb463531d078,The Silent Wife,Fiction,£12.34,£13.7,£1.36,5,4,1.0
9e9932ae1a7d0943,The Silent Twin (Detective Jennifer Knight #3),Fantasy,£36.25,£39.51,£3.26,3,44,
,,,£29.45,£30.33,£0.88,1,8,1.0
,Te Secret eaker,,£34.56,£39.4,£4.84,3,11,
5faefdc861684eb1,,,,£54.12,£0.0,3,40,1.0
0ec9d2b018fb10d8,,Add a comment,£33.78,£38.51,£4.73,3,8,1.0
,The Odyssey,Add a comment,£29.64,£32.31,£2.67,3,16,1.0
,The No. 1 Ladie' sDtctive Agency (Nlo.1pL adies' Detecgive Agseny #1),,,£65.78,£8.08,4,7,
5c10b64db3e4f228,The Nicomachean Ethics,,£36.34,£38.52,£2.18,1,0,1.0
,fThe Naem of the Wibnd (Te Kinkgiller Chroivcl 1#),,£50.59,£50.59,£0.0,3,40,1.0
c40b70e0f6d80189,The Mirror & the Maze (The Wrath and the Dawn #1.5),,£29.38,£33.49,£4.11,1,44,1.0
1aeca7d078d57deb,The Little Prince,Classics,£45.42,£45.42,£0.0,2,23,
,The Lightof the iFreflirs,,£54.43,£56.61,£2.18,1,23,1.0
,The Last Girl (The Dominion Trilogy #1),Science Fiction,,£36.99,£0.73,2,28,1.0
86d8bd7afa5b51b3,The Iliad,Add a comment,£16.16,£16.64,£0.48,1,9,1.0
6e473eff459e809f,The Hook Up (Game On #1),New Adult,£36.29,£39.56,£3.27,5,49,1.0
fff8a057a40c4a60,The Haters,Young Adult,£27.89,£30.96,£3.07,5,41,
4280ac3eab57aa5d,The Girl You Lost,Mystery,£12.29,£13.64,£1.35,5,2,1.0
ee61197edb882599,The Girl In The Ice (DCI Erika Foster #1),Mystery,£15.85,£17.44,£1.59,3,15,1.0
09659d1639a1f978,The End of the Jesus Era (An Investigation #1),Nonfiction,£14.40,£14.54,£0.14,1,13,1.0
,The Edge of eano (nidget Jones #2),,£19.18,£22.06,£2.88,4,34,1.0
,The Complete Maus (Maus #1-2),Sequential Art,,£11.49,£0.85,3,7,1.0
18b4545a5ed15581,The Communist Manifesto,Add a comment,,£16.68,£1.92,3,45,
f3a0b8c835129558,The Bhagavad Gita,Religion,£57.49,£60.94,£3.45,3,26,1.0
dfb0849016bc122c,The Bette Davis Club,Fiction,£30.66,£33.42,£2.76,3,19,1.0
5bc1fbccfbf2355c,The Art of Not Breathing,Young Adult,£40.83,£43.69,£2.86,4,31,1.0
a7eef9d6795422c1,Taking Shots (Assassins #1),,,£20.96,£2.08,2,40,1.0
,Sarlark,,£25.83,£28.41,£2.58,3,5,1.0
2ac720f76384c57e,"Skip Beat!, Vol. 01 (Skip Beat! #1)",Sequential Art,£42.12,£42.96,£0.84,3,20,1.0
3a9a7c5895e82646,Sister Sable (The Mad Queen #1),Fantasy,,£14.26,£0.93,3,45,1.0
9ed7090d8fa690b0,Shatter Me (Shatter Me #1),Default,,£48.34,£5.94,1,25,1.0
c068c013d6921fea,Shameless,New Adult,,£65.94,£7.59,3,13,1.0
229cd6564bf0dce4,Shadow Rites (Jane Yellowrock #10),Fantasy,£21.72,£23.46,£1.74,4,25,1.0
132adf7335bb384a,,Sports and Games,£44.91,£48.5,£3.59,2,25,1.0
35e44170702139a4,,Classics,£37.46,£40.08,£2.62,1,47,1.0
4f64568dfefa3ce7,"Saga, Volume 1 (Saga (Collected Editions) #1)",Sequential Art,£28.48,£29.05,£0.57,1,34,1.0
9efb397067eb7e8a,"Rhythm, Chord & Malykhin",Romance,£28.34,£31.17,£2.83,2,5,1.0
,"fat Queens ,Vop. 1 :Sas s& Sorcsery R(wt Quffns (Collected Edirions) #1-5)",,£46.96,£51.19,£4.23,5,7,1.0
,Paradiese Lost (lParadise #1),,,£27.96,£3.0,1,31,1.0
bcbcbcf0f6ed196f,"Paper Girls, Vol. 1 (Paper Girls #1-5)",Sequential Art,£21.71,£22.58,£0.87,4,12,
326825e02a198cf6,,,£29.87,£31.66,£1.79,3,29,1.0
8932e5c12f12ffed,Origins (Alphas 0.5),Fantasy,,£30.73,£1.74,1,17,1.0
7ea31f38675b91c1,,Fantasy,£52.94,£54.53,£1.59,2,5,1.0
9ff997ab15713e53,,Default,,£35.92,£3.56,3,2,1.0
a1985630339f4b3d,Old Records Never Die: One Man's Quest for His Vinyl and His Past,Music,£55.66,£60.11,£4.45,2,17,1.0
b6f1cfadc4dd79d4,Off Sides (Off #1),New Adult,£39.45,£42.61,£3.16,5,41,1.0
39592d9d72e717c4,Of Mice and Men,Classics,£47.11,£53.23,£6.12,2,27,1.0
,Myriad (Prentdo #1),,£58.75,£65.21,£6.46,4,18,1.0
fd78f89878479f56,My Perfect Mistake (Over the Top #1),Romance,£38.92,£40.09,£1.17,2,17,
,"s. nMarvel, Vo. 1: Npo Normak (Ms. Marvel (20142-015)#1)",,£39.39,£41.36,£1.97,4,46,1.0
4f19709e47883df5,,Philosophy,£25.89,£27.44,£1.55,2,47,
1053fb7ee17a1f33,Matilda,Childrens,£28.34,£30.89,£2.55,1,41,1.0
d510567580c8be52,Lost Among the Living,,£27.70,£30.47,£2.77,4,2,1.0
,ordo f th eFlies,,£24.89,£25.89,£1.0,3,0,
6e712ea24e77bd96,Listen to Me (Fusion #1),Romance,,£63.12,£4.13,3,23,1.0
,Kitxhens of hte Greta Miewest,,£57.20,£58.92,£1.72,5,17,1.0
8d390a1fc3133d06,Jane Eyre,Default,£38.43,£39.58,£1.15,5,7,
,mIperectHarmony,,£34.74,£36.82,£2.08,4,24,1.0
3455b45888fb5053,Icing (Aces Hockey #2),Sports and Games,£40.44,£42.87,£2.43,4,3,1.0
,"Hawkeye, ol. 1: My oife as a Weapon (Hawkye# 1",,£45.24,£50.67,£5.43,3,48,1.0
6717a70913b3db79,Having the Barbarian's Baby (Ice Planet Barbarians #7.5),,£34.96,£34.96,£0.0,4,18,1.0
eb0fe24bbc845ecc,"Giant Days, Vol. 1 (Giant Days #1-4)",Sequential Art,,£60.73,£3.97,4,49,
72e6fbf4f6382557,"Fruits Basket, Vol. 1 (Fruits Basket #1)",Sequential Art,£40.28,£45.92,£5.64,5,41,
a492f49a3e2b6a71,Frankenstein,Default,,£41.04,£3.04,2,42,
e564c3f1a93ccf2e,Forever Rockers (The Rocker #12),,£28.80,£29.66,£0.86,3,38,1.0
6390772a3094939d,Fighting Fate (Fighting #6),Romance,£39.24,£43.16,£3.92,3,21,
,Emam,,£32.93,£35.89,£2.96,2,30,1.0
,"Eagt, Prau,L ove",,£51.32,£52.35,£1.03,3,35,1.0
0072b94dfa30608e,Deep Under (Walker Security #1),Romance,,£47.56,£0.47,5,19,1.0
a812f6969ddf3e39,Choosing Our Religion: The Spiritual Lives of America's Nones,Religion,£28.42,£29.84,£1.42,4,37,1.0
1774749f2cee292f,Charlie and the Chocolate Factory (Charlie Bucket #1),Childrens,£22.85,£25.59,£2.74,3,12,1.0
a96404cb928895f3,Charity's Cross (Charles Towne Belles #4),Romance,£41.24,£43.3,£2.06,1,21,1.0
,Brifgth Lines,,£39.07,£44.54,£5.47,5,6,1.0
a2b4b685dfa94733,Bridget Jones's Diary (Bridget Jones #1),Womens Fiction,£29.82,£32.8,£2.98,1,38,1.0
abc0b15f2c907ff0,Bounty (Colorado Mountain #7),Romance,£37.26,£39.12,£1.86,4,29,1.0
95cdfd514098c38b,Blood Defense (Samantha Brinkman #1),,£20.30,£21.32,£1.02,3,41,1.0
099fae4a0705d63b,"Bleach, Vol. 1: Strawberry and the Soul Reapers (Bleach #1)",Sequential Art,£34.65,£36.04,£1.39,5,7,1.0
08672cd59171d5e4,,Philosophy,£43.38,£49.02,£5.64,1,23,1.0
cd2a2a70dd5d176d,Alice in Wonderland (Alice's Adventures in Wonderland #1),Classics,£55.53,£56.64,£1.11,1,26,
,"Ajin: eolkmiH-umab, Volume 1 (Ajin: Dei-Human# 1)",,£57.06,£58.77,£1.71,4,29,
19fec36a1dfb4c16,A Spy's Devotion (The Regency Spies of London #1),Historical Fiction,,£17.31,£0.34,5,19,1.0
,1st to ie (Wolmen'sMurdreC lub #1),,,£55.6,£1.62,1,28,1.0
228ba5e7577e1d49,"1,000 Places to See Before You Die",Travel,,£27.91,£1.83,5,15,1.0
