Transaction ID,Item,Quantity,Payment Method,Location,Transaction Date
8355021059073,Salad,3,Cash,Takeaway,2015-11-27
6167710610982,Water,3,Credit Card,In-store,2015-02-01
8246534550853,Tea,1,Credit Card,In-store,2015-09-15
3254564930236,Cake,1,Digital Wallet,Takeaway,2015-07-14
5466739620127,Cake,3,Cash,Takeaway,2015-10-15
2620827862506,Cake,3,Digital Wallet,Takeaway,2015-01-24
5895524055354,Juice,2,Digital Wallet,In-store,2015-09-18
7841643832398,Water,2,Cash,In-store,2015-05-07
2172529008701,Tea,2,Cash,Takeaway,2015-12-18
8095546860210,Tea,3,Credit Card,In-store,2015-06-25
0703879015846,Yogurt,3,Cash,In-store,2015-09-29
0648684092272,Sandwich,3,Digital Wallet,In-store,2015-12-06
0105648963431,Sandwich,1,Cash,Takeaway,2015-02-04
5546999548703,Salad,2,Digital Wallet,Takeaway,2015-09-01
1562750301565,Coffee,1,Credit Card,In-store,2015-04-23
7887818091214,Salad,3,Credit Card,In-store,2015-05-16
4605098627410,Salad,2,Digital Wallet,Takeaway,2015-02-04
2851542561331,Salad,3,Digital Wallet,In-store,2015-02-24
7391132476522,Juice,3,Digital Wallet,Takeaway,2015-01-29
5374532373792,Water,2,Credit Card,In-store,2015-01-01
8479946564198,Yogurt,2,Credit Card,In-store,2015-07-17
7492166504196,Tea,3,Digital Wallet,In-store,2015-08-15
1310413122602,Sandwich,1,Credit Card,Takeaway,2015-01-29
7909913291518,Sandwich,2,Credit Card,Takeaway,2015-04-08
6175066184644,Ice Cream,2,Cash,Takeaway,2015-10-11
9841561099406,Soda,2,Cash,Takeaway,2015-03-07
4703712648404,Juice,3,Digital Wallet,Takeaway,2015-02-11
8203199979108,Cookie,1,Digital Wallet,In-store,2015-05-18
6324848594830,Juice,2,Credit Card,In-store,2015-11-14
8541168579929,Sandwich,2,Digital Wallet,In-store,2015-11-08
7052718274962,Cake,2,Credit Card,Takeaway,2015-07-30
1397130343824,Water,1,Cash,In-store,2015-12-06
9862151947570,Yogurt,2,Cash,In-store,2015-11-26
7218345496959,Cake,1,Digital Wallet,In-store,2015-05-13
6441635944798,Sandwich,2,Digital Wallet,In-store,2015-10-04
8541256466940,Coffee,3,Credit Card,In-store,2015-04-27
3702977853586,Cookie,3,Digital Wallet,Takeaway,2015-07-01
1655146601476,Ice Cream,3,Digital Wallet,Takeaway,2015-07-24
7911908990238,Milk,1,Cash,Takeaway,2015-10-29
9353966286010,Salad,2,Digital Wallet,Takeaway,2015-08-15
9497731789532,Ice Cream,1,Digital Wallet,Takeaway,2015-11-22
1340719204719,Water,3,Cash,In-store,2015-10-13
4653910182951,Ice Cream,2,Cash,Takeaway,2015-02-07
0585384773097,Juice,3,Credit Card,Takeaway,2015-08-16
3502050074163,Juice,2,Cash,In-store,2015-05-02
8406400351124,Cookie,1,Credit Card,In-store,2015-01-07
6336832127146,Yogurt,3,Cash,In-store,2015-03-12
3598467939720,Cake,2,Cash,Takeaway,2015-01-12
5380860735409,Salad,2,Digital Wallet,Takeaway,2015-07-12
2375429031774,Ice Cream,3,Cash,In-store,2015-12-12
0108319717883,Sandwich,2,Credit Card,In-store,2015-06-19
2726854090339,Yogurt,3,Digital Wallet,Takeaway,2015-07-09
9892822000389,Smoothie,3,Digital Wallet,In-store,2015-12-16
8707897112428,Tea,1,Digital Wallet,In-store,2015-09-20
2972290216868,Salad,1,Cash,Takeaway,2015-03-25
2880735861088,Ice Cream,1,Digital Wallet,Takeaway,2015-05-19
9608675686690,Salad,1,Digital Wallet,Takeaway,2015-08-03
4591530145041,Soda,1,Cash,In-store,2015-04-12
8020129141400,Coffee,1,Credit Card,Takeaway,2015-02-18
7605968140916,Cookie,3,Cash,Takeaway,2015-12-24
6262900400593,Coffee,3,Digital Wallet,In-store,2015-10-07
5106275189558,Ice Cream,3,Cash,In-store,2015-04-16
9560929071549,Water,2,Digital Wallet,In-store,2015-07-17
2470838470326,Yogurt,3,Digital Wallet,Takeaway,2015-05-20
1113719165799,Water,2,Digital Wallet,Takeaway,2015-03-25
7786648578417,Juice,2,Credit Card,Takeaway,2015-05-15
7218049903227,Tea,1,Cash,In-store,2015-03-25
8861547611744,Sandwich,3,Credit Card,Takeaway,2015-04-02
1948566968251,Soda,2,Digital Wallet,Takeaway,2015-08-25
9625395753556,Smoothie,2,Digital Wallet,In-store,2015-02-08
4480987860440,Smoothie,2,Digital Wallet,In-store,2015-11-08
7645094703241,Soda,2,Digital Wallet,Takeaway,2015-06-29
7478453375489,Yogurt,2,Cash,In-store,2015-03-26
2693214327827,Tea,2,Cash,Takeaway,2015-04-27
3445144688771,Soda,2,Credit Card,In-store,2015-09-11
8036587851386,Water,2,Cash,In-store,2015-02-17
1684811489101,Salad,3,Cash,Takeaway,2015-11-12
9967314986936,Cookie,1,Credit Card,In-store,2015-01-09
7465532250072,Juice,1,Cash,In-store,2015-10-13
7956584291682,Cookie,1,Digital Wallet,Takeaway,2015-08-10
4778272222449,Sandwich,1,Cash,In-store,2015-10-29
7788105069056,Ice Cream,1,Digital Wallet,Takeaway,2015-11-01
3472283190605,Milk,3,Credit Card,In-store,2015-04-23
9027157321636,Water,2,Cash,Takeaway,2015-02-06
8764876110394,Soda,3,Digital Wallet,In-store,2015-06-20
9827366925225,Smoothie,3,Digital Wallet,Takeaway,2015-10-01
8801644642579,Yogurt,2,Credit Card,In-store,2015-06-11
2068931455472,Sandwich,3,Digital Wallet,In-store,2015-11-01
3655166251130,Cake,3,Cash,In-store,2015-10-07
0154407148893,Yogurt,2,Digital Wallet,Takeaway,2015-01-21
7675439999220,Coffee,3,Cash,Takeaway,2015-06-26
8843965640575,Yogurt,2,Digital Wallet,Takeaway,2015-10-30
4773017071023,Cookie,3,Digital Wallet,Takeaway,2015-03-14
5628046068942,Ice Cream,1,Cash,In-store,2015-11-27
3584743876193,Water,3,Credit Card,In-store,2015-11-13
7685221538858,Cake,1,Cash,In-store,2015-12-07
5873010903471,Ice Cream,3,Digital Wallet,Takeaway,2015-05-14
5735498419083,Cake,1,Credit Card,In-store,2015-09-27
2392276084463,Cake,3,Cash,In-store,2015-08-12
8303168239063,Smoothie,2,Cash,Takeaway,2015-10-14
7733808572266,Ice Cream,3,Cash,In-store,2016-05-01
3445088947095,Juice,3,Cash,In-store,2016-07-27
0205994676341,Yogurt,3,Digital Wallet,Takeaway,2016-12-26
4560813564046,Sandwich,1,Cash,In-store,2016-08-14
2472170387478,Coffee,3,Cash,In-store,2016-09-20
1776499829536,Sandwich,3,Digital Wallet,In-store,2016-01-23
4274718314513,Juice,2,Cash,Takeaway,2016-02-14
0214592468791,Tea,2,Digital Wallet,In-store,2016-09-16
0874002467402,Juice,2,Cash,Takeaway,2016-12-14
9823858548286,Juice,2,Digital Wallet,In-store,2016-06-03
0270880008889,Juice,1,Cash,Takeaway,2016-07-21
7219052132710,Yogurt,3,Cash,In-store,2016-03-22
7411636790020,Water,1,Credit Card,In-store,2016-05-09
4747583891675,Water,1,Cash,Takeaway,2016-05-12
7458485048728,Tea,2,Credit Card,Takeaway,2016-02-25
2438003396109,Salad,2,Credit Card,Takeaway,2016-05-17
7666753134015,Sandwich,2,Cash,Takeaway,2016-08-02
8863496327189,Cookie,2,Cash,In-store,2016-02-02
1257498319339,Soda,1,Credit Card,In-store,2016-02-28
4267525366882,Coffee,3,Digital Wallet,In-store,2016-09-04
5574968544746,Yogurt,2,Cash,In-store,2016-07-22
2877069460926,Cake,1,Digital Wallet,Takeaway,2016-03-25
0700621247104,Salad,1,Credit Card,Takeaway,2016-06-04
4350040140423,Water,2,Digital Wallet,In-store,2016-05-22
2584237885114,Cake,3,Digital Wallet,In-store,2016-10-29
4427671685088,Smoothie,2,Credit Card,In-store,2016-05-26
8734217867430,Tea,1,Credit Card,Takeaway,2016-01-17
7682237868771,Cookie,3,Digital Wallet,Takeaway,2016-10-05
8400089886793,Cake,3,Digital Wallet,In-store,2016-06-30
1424135088884,Cake,2,Cash,In-store,2016-11-16
5456022191946,Tea,1,Credit Card,In-store,2016-10-04
0796659386397,Water,2,Digital Wallet,In-store,2016-07-24
4446480569600,Coffee,2,Cash,In-store,2016-01-14
5375590345837,Tea,3,Digital Wallet,Takeaway,2016-11-22
6486171930676,Cookie,1,Credit Card,Takeaway,2016-04-26
2314678567719,Milk,3,Digital Wallet,In-store,2016-08-02
9182814453744,Tea,1,Credit Card,In-store,2016-06-06
5074138048925,Salad,2,Digital Wallet,In-store,2016-04-14
0356303797827,Soda,3,Credit Card,In-store,2016-12-23
5340312106027,Cake,2,Credit Card,Takeaway,2016-01-07
4404061209246,Water,1,Credit Card,Takeaway,2016-11-21
5468077806201,Smoothie,3,Credit Card,In-store,2016-01-30
0611660761707,Salad,3,Cash,In-store,2016-12-13
4455902147135,Coffee,1,Digital Wallet,In-store,2016-01-06
0312972673558,Water,2,Cash,In-store,2016-07-04
0940106557131,Soda,2,Credit Card,In-store,2016-07-18
6460164360886,Coffee,1,Credit Card,In-store,2016-10-07
7349508366038,Tea,3,Cash,In-store,2016-03-14
2986513167332,Smoothie,3,Cash,Takeaway,2016-07-24
8286560078242,Coffee,1,Digital Wallet,In-store,2016-06-11
6609115119146,Juice,3,Credit Card,In-store,2016-09-14
1467561116196,Coffee,2,Digital Wallet,In-store,2016-08-29
8760371817417,Yogurt,3,Digital Wallet,Takeaway,2016-06-06
1263456334214,Coffee,3,Cash,In-store,2016-02-12
8129313711105,Smoothie,3,Credit Card,Takeaway,2016-07-03
8171896700137,Milk,1,Digital Wallet,Takeaway,2016-04-03
9295973359670,Soda,2,Cash,Takeaway,2016-12-06
2990989702515,Sandwich,3,Credit Card,Takeaway,2016-04-22
6585461438677,Coffee,2,Digital Wallet,Takeaway,2016-06-30
4597908104436,Cake,2,Cash,Takeaway,2016-06-15
3940354069445,Yogurt,2,Credit Card,In-store,2016-10-17
6246831688039,Juice,3,Digital Wallet,In-store,2016-03-05
7080216285005,Sandwich,1,Cash,In-store,2016-12-04
8104445015376,Cake,3,Credit Card,Takeaway,2016-08-25
0132579089718,Juice,1,Cash,In-store,2016-07-05
9450555615289,Cake,3,Digital Wallet,Takeaway,2016-12-02
8159126232405,Yogurt,2,Credit Card,In-store,2016-11-12
7556002732980,Cookie,2,Digital Wallet,Takeaway,2016-09-10
0375612967592,Yogurt,3,Cash,Takeaway,2016-04-26
7945291019245,Salad,2,Cash,In-store,2016-10-15
2045921769863,Yogurt,1,Credit Card,In-store,2016-09-08
5873857513444,Smoothie,2,Cash,In-store,2016-09-04
6047254992952,Ice Cream,3,Credit Card,Takeaway,2016-04-04
4754273193742,Milk,3,Credit Card,In-store,2016-08-07
5448953120935,Cake,2,Cash,In-store,2016-05-07
4291018441015,Tea,2,Digital Wallet,In-store,2016-06-05
0615434862843,Coffee,2,Cash,In-store,2016-03-06
2723548888104,Yogurt,2,Digital Wallet,Takeaway,2016-04-07
1987882346640,Sandwich,2,Digital Wallet,In-store,2016-03-12
5341969483028,Sandwich,1,Credit Card,In-store,2016-08-10
4276210986342,Coffee,2,Digital Wallet,In-store,2016-01-10
1845402241519,Tea,1,Digital Wallet,Takeaway,2016-03-30
1513009897650,Water,2,Cash,In-store,2016-07-31
5923577778125,Coffee,3,Digital Wallet,In-store,2016-11-07
4059109946500,Juice,2,Digital Wallet,In-store,2016-01-17
1063515516823,Cookie,1,Digital Wallet,Takeaway,2016-08-15
4060897713809,Smoothie,3,Credit Card,Takeaway,2016-10-23
3812369950479,Ice Cream,2,Cash,Takeaway,2016-08-13
9893965567982,Water,3,Cash,Takeaway,2016-12-01
6977038025500,Coffee,2,Cash,Takeaway,2016-11-24
4553087969648,Smoothie,2,Credit Card,In-store,2016-09-05
9558293075362,Coffee,2,Cash,Takeaway,2016-06-10
3202604316618,Sandwich,1,Digital Wallet,In-store,2016-01-10
9756552079162,Sandwich,3,Cash,Takeaway,2016-09-15
5046434583301,Salad,1,Credit Card,Takeaway,2016-02-13
9817235584592,Milk,2,Cash,In-store,2016-10-10
9382167848604,Milk,2,Digital Wallet,Takeaway,2016-11-11
6597730674846,Smoothie,1,Credit Card,In-store,2016-02-27
9797904352359,Cookie,3,Cash,In-store,2016-09-25
0878677790391,Cake,1,Digital Wallet,In-store,2016-03-12
3277936921762,Yogurt,2,Digital Wallet,Takeaway,2017-10-13
7597287822256,Water,2,Cash,Takeaway,2017-10-27
0310336894816,Cake,2,Credit Card,In-store,2017-01-07
5771057735973,Milk,3,Cash,Takeaway,2017-09-30
4063191221759,Cake,2,Credit Card,Takeaway,2017-06-22
1822377148128,Water,1,Credit Card,Takeaway,2017-12-12
3539456714256,Water,2,Digital Wallet,Takeaway,2017-02-10
4038235983252,Yogurt,3,Credit Card,In-store,2017-03-08
1370010367103,Milk,3,Cash,In-store,2017-10-06
8857497499884,Soda,2,Credit Card,In-store,2017-05-23
3091554348851,Sandwich,2,Credit Card,In-store,2017-12-26
0342831859496,Juice,1,Credit Card,Takeaway,2017-05-21
1266768093053,Cake,2,Credit Card,In-store,2017-10-13
9313260892713,Coffee,2,Credit Card,Takeaway,2017-02-27
5939640544351,Sandwich,3,Digital Wallet,Takeaway,2017-11-19
1670614780897,Sandwich,3,Digital Wallet,Takeaway,2017-02-03
8785306485554,Smoothie,1,Credit Card,Takeaway,2017-10-08
7695394350096,Coffee,1,Credit Card,Takeaway,2017-10-11
4381817980874,Milk,1,Digital Wallet,Takeaway,2017-11-02
2832191619314,Water,1,Cash,Takeaway,2017-11-05
3152951750439,Cake,2,Cash,Takeaway,2017-05-16
1344478479340,Soda,3,Cash,Takeaway,2017-04-06
3146384360211,Sandwich,3,Credit Card,Takeaway,2017-05-01
2832046922965,Salad,1,Cash,In-store,2017-05-30
8289678553380,Coffee,1,Digital Wallet,In-store,2017-09-21
0979342095305,Water,2,Digital Wallet,Takeaway,2017-02-22
5579755122299,Cookie,3,Digital Wallet,In-store,2017-01-29
2124323854855,Cake,3,Digital Wallet,In-store,2017-01-03
3887476195624,Cookie,2,Credit Card,Takeaway,2017-10-22
5245872702668,Sandwich,1,Digital Wallet,In-store,2017-04-20
1571564978337,Cake,3,Cash,Takeaway,2017-04-12
1991986925496,Soda,3,Cash,Takeaway,2017-05-29
1132945376021,Cake,3,Cash,Takeaway,2017-07-10
3367617302055,Water,3,Digital Wallet,Takeaway,2017-07-06
9687807797404,Cake,2,Credit Card,Takeaway,2017-12-15
1305750876028,Milk,1,Digital Wallet,Takeaway,2017-07-03
6841140538640,Sandwich,1,Credit Card,In-store,2017-10-12
0386762643908,Water,1,Digital Wallet,Takeaway,2017-07-25
0976126462209,Salad,2,Cash,In-store,2017-08-09
4707866152848,Tea,1,Digital Wallet,Takeaway,2017-01-28
9284818580140,Cake,1,Digital Wallet,In-store,2017-04-15
9487300984673,Soda,2,Digital Wallet,In-store,2017-04-17
3118395505257,Smoothie,2,Cash,In-store,2017-03-08
8373292723424,Cake,1,Credit Card,Takeaway,2017-04-25
8801628003525,Tea,2,Credit Card,Takeaway,2017-05-30
8450516947887,Tea,2,Cash,Takeaway,2017-08-18
3020469110277,Cookie,1,Cash,In-store,2017-09-13
8329349270403,Yogurt,2,Digital Wallet,In-store,2017-10-18
6375714171525,Water,2,Digital Wallet,In-store,2017-02-25
1881513965746,Coffee,2,Cash,Takeaway,2017-10-16
0408157439047,Smoothie,2,Cash,Takeaway,2017-02-18
4283168404309,Smoothie,2,Credit Card,Takeaway,2017-05-11
9042043797838,Cake,2,Cash,Takeaway,2017-12-02
3693029767718,Coffee,3,Cash,In-store,2017-05-07
0645632247852,Smoothie,3,Credit Card,In-store,2017-11-13
3360852674079,Cookie,2,Credit Card,Takeaway,2017-06-17
9201353619494,Tea,1,Credit Card,Takeaway,2017-11-01
3182253211222,Milk,1,Digital Wallet,In-store,2017-05-21
4051787691024,Cake,2,Cash,Takeaway,2017-04-25
2978701421647,Sandwich,1,Digital Wallet,In-store,2017-05-17
4110593763001,Salad,1,Cash,Takeaway,2017-06-25
7622825370828,Juice,3,Cash,Takeaway,2017-08-31
4669067844604,Yogurt,3,Credit Card,Takeaway,2017-08-11
1065031858777,Ice Cream,1,Credit Card,In-store,2017-07-12
0280182158328,Ice Cream,2,Digital Wallet,In-store,2017-02-08
6064881098932,Soda,3,Digital Wallet,Takeaway,2017-05-11
5709495210523,Cookie,2,Digital Wallet,Takeaway,2017-03-23
8667212520751,Coffee,3,Cash,In-store,2017-12-02
9979484281568,Cake,2,Cash,Takeaway,2017-04-29
2744128166351,Milk,1,Digital Wallet,Takeaway,2017-05-31
2499654283699,Juice,2,Digital Wallet,Takeaway,2017-05-26
3688873909919,Sandwich,3,Credit Card,In-store,2017-10-16
2120494765150,Milk,1,Digital Wallet,Takeaway,2017-11-12
4089892947538,Ice Cream,2,Digital Wallet,Takeaway,2017-11-02
8056206694149,Smoothie,3,Credit Card,In-store,2017-10-23
2010524037343,Yogurt,2,Cash,Takeaway,2017-02-02
0419672551176,Ice Cream,2,Digital Wallet,In-store,2017-01-14
0594575758034,Soda,2,Credit Card,Takeaway,2017-03-07
5680963843842,Juice,1,Cash,In-store,2017-01-27
6847380995663,Yogurt,2,Cash,In-store,2017-01-04
9981931624972,Juice,1,Credit Card,Takeaway,2017-04-10
9543149370517,Milk,1,Cash,Takeaway,2017-02-24
4898600054839,Sandwich,3,Credit Card,Takeaway,2017-11-18
3128123339375,Cake,1,Cash,In-store,2017-11-28
3907708071363,Salad,2,Credit Card,Takeaway,2017-09-10
3714774069763,Tea,2,Cash,Takeaway,2017-03-04
6358042285362,Salad,3,Digital Wallet,In-store,2017-11-06
6718156084914,Cake,1,Digital Wallet,In-store,2017-01-21
3506819390877,Smoothie,3,Cash,In-store,2017-04-16
4250229573113,Coffee,3,Digital Wallet,Takeaway,2017-03-23
3884901420085,Salad,3,Cash,In-store,2017-04-14
7219352238846,Cake,2,Credit Card,Takeaway,2017-09-06
9358262642218,Cookie,3,Cash,In-store,2017-09-07
8145377464610,Water,1,Cash,In-store,2017-06-15
0760297641613,Soda,1,Cash,Takeaway,2017-07-14
4260754202457,Smoothie,2,Digital Wallet,In-store,2017-10-30
1140170175425,Water,2,Digital Wallet,Takeaway,2017-11-12
4413316620774,Tea,3,Credit Card,In-store,2017-01-22
0584698686840,Cake,3,Credit Card,Takeaway,2017-05-11
7550977211792,Salad,1,Cash,Takeaway,2017-01-09
0975918227095,Coffee,3,Digital Wallet,Takeaway,2018-06-09
3467058964918,Tea,3,Digital Wallet,Takeaway,2018-11-04
3926713947562,Tea,2,Credit Card,In-store,2018-02-19
9932620781711,Salad,3,Cash,Takeaway,2018-01-12
0822780091180,Cookie,1,Digital Wallet,In-store,2018-01-05
9664635720071,Ice Cream,2,Cash,Takeaway,2018-12-22
3854584927911,Soda,2,Credit Card,In-store,2018-03-24
1471564233323,Salad,3,Cash,Takeaway,2018-11-01
0371016633934,Soda,2,Cash,In-store,2018-01-26
9461119501252,Water,2,Cash,Takeaway,2018-10-29
0204974219097,Water,3,Digital Wallet,Takeaway,2018-12-02
3963190873878,Milk,1,Cash,Takeaway,2018-05-20
4641153261502,Coffee,1,Digital Wallet,Takeaway,2018-09-16
3927437746516,Sandwich,3,Digital Wallet,In-store,2018-11-27
6845377353526,Cake,1,Credit Card,Takeaway,2018-08-14
2631005025248,Yogurt,3,Credit Card,In-store,2018-03-05
7344341388216,Water,2,Digital Wallet,In-store,2018-10-29
0537277062450,Salad,1,Credit Card,Takeaway,2018-09-10
8276168655235,Salad,2,Credit Card,Takeaway,2018-06-12
5854834355899,Cake,2,Cash,In-store,2018-06-26
7866412630807,Sandwich,1,Digital Wallet,Takeaway,2018-12-05
4334427967179,Milk,1,Credit Card,Takeaway,2018-09-21
1388496554504,Milk,1,Credit Card,In-store,2018-09-09
6210536468654,Coffee,2,Cash,Takeaway,2018-01-26
8716520923102,Yogurt,3,Digital Wallet,In-store,2018-03-07
4559103931347,Sandwich,2,Credit Card,Takeaway,2018-03-24
0542209714345,Smoothie,2,Cash,In-store,2018-01-11
6569516337672,Water,3,Credit Card,In-store,2018-04-05
6537556839753,Juice,3,Digital Wallet,In-store,2018-06-05
2951894600716,Water,2,Credit Card,Takeaway,2018-12-12
9251058954697,Coffee,2,Credit Card,Takeaway,2018-11-29
7740213203159,Salad,2,Credit Card,Takeaway,2018-12-23
0881294556165,Milk,1,Digital Wallet,In-store,2018-01-20
0348353623621,Sandwich,1,Credit Card,In-store,2018-02-05
9874608829551,Juice,2,Credit Card,Takeaway,2018-10-14
1660973432940,Ice Cream,1,Credit Card,In-store,2018-09-14
7320784555781,Ice Cream,3,Cash,Takeaway,2018-08-15
1316012634638,Soda,3,Cash,In-store,2018-03-16
8790833425478,Juice,1,Cash,In-store,2018-02-27
2283580972068,Tea,3,Credit Card,Takeaway,2018-05-10
9998418816089,Coffee,2,Credit Card,In-store,2018-03-22
6443789311884,Ice Cream,1,Cash,Takeaway,2018-04-25
6889590145964,Ice Cream,1,Cash,Takeaway,2018-11-17
0969758157599,Tea,2,Digital Wallet,Takeaway,2018-05-07
9815842654493,Ice Cream,2,Credit Card,Takeaway,2018-05-23
6470329294055,Tea,3,Credit Card,Takeaway,2018-10-21
1838982979873,Cookie,2,Digital Wallet,Takeaway,2018-07-04
7996074786021,Coffee,2,Digital Wallet,In-store,2018-07-21
7364321865674,Salad,1,Cash,Takeaway,2018-10-15
3760475196390,Ice Cream,1,Credit Card,Takeaway,2018-05-15
8168192319194,Soda,2,Credit Card,Takeaway,2018-12-20
4198900996045,Coffee,3,Credit Card,In-store,2018-04-02
4644456146590,Sandwich,1,Credit Card,In-store,2018-08-02
6676263976761,Cookie,2,Cash,In-store,2018-04-24
2655048498470,Milk,2,Digital Wallet,Takeaway,2018-05-06
2698381883145,Ice Cream,3,Digital Wallet,In-store,2018-04-12
6949538870799,Tea,2,Credit Card,Takeaway,2018-07-25
1755047756494,Tea,3,Cash,Takeaway,2018-02-22
6764583143137,Cake,2,Digital Wallet,In-store,2018-08-15
1344643263170,Ice Cream,1,Credit Card,Takeaway,2018-08-08
3025323733319,Cake,1,Cash,In-store,2018-07-27
0034340959261,Water,2,Cash,In-store,2018-10-10
3996326970615,Cake,1,Digital Wallet,In-store,2018-08-21
8499690683662,Cake,1,Digital Wallet,Takeaway,2018-04-19
1170575934020,Water,3,Cash,Takeaway,2018-11-07
5397582055296,Salad,1,Credit Card,Takeaway,2018-10-02
4345917044843,Sandwich,2,Digital Wallet,In-store,2018-12-10
6016244184066,Ice Cream,3,Credit Card,In-store,2018-02-12
0063918384587,Yogurt,2,Digital Wallet,Takeaway,2018-06-28
2078664723137,Milk,3,Digital Wallet,Takeaway,2018-03-15
3939578605355,Cookie,3,Credit Card,In-store,2018-09-13
4638984144289,Soda,2,Cash,In-store,2018-07-13
8422855738334,Ice Cream,3,Cash,Takeaway,2018-02-07
2533542616951,Ice Cream,2,Cash,Takeaway,2018-10-21
2702815198733,Cookie,3,Cash,In-store,2018-03-09
9535183150279,Smoothie,2,Digital Wallet,In-store,2018-08-23
6354949783093,Milk,3,Cash,Takeaway,2018-08-05
9513630398276,Smoothie,2,Credit Card,In-store,2018-07-26
9652319921401,Cake,3,Credit Card,In-store,2018-09-16
5316204141674,Coffee,3,Credit Card,Takeaway,2018-01-17
8702837956650,Water,3,Credit Card,In-store,2018-02-22
3106034009730,Yogurt,2,Digital Wallet,In-store,2018-02-21
8666061059597,Smoothie,1,Credit Card,In-store,2018-05-15
4226415648989,Coffee,1,Digital Wallet,In-store,2018-12-29
8649377873538,Sandwich,3,Cash,In-store,2018-06-01
2051325405900,Cake,2,Credit Card,In-store,2018-03-03
5159325572688,Juice,3,Credit Card,Takeaway,2018-10-01
2574833136949,Tea,1,Digital Wallet,Takeaway,2018-02-14
2673815973753,Cookie,1,Cash,In-store,2018-03-11
9191203883369,Tea,2,Credit Card,Takeaway,2018-11-29
1557533246669,Milk,1,Digital Wallet,In-store,2018-05-02
1726242890894,Cake,1,Digital Wallet,Takeaway,2018-05-16
9883346486414,Ice Cream,2,Credit Card,Takeaway,2018-11-22
0848417893385,Juice,3,Credit Card,Takeaway,2018-07-05
5708536413664,Water,3,Credit Card,In-store,2018-10-31
9934948131599,Sandwich,3,Digital Wallet,Takeaway,2018-09-26
9130040094224,Tea,2,Digital Wallet,In-store,2018-10-18
0628502267792,Cookie,2,Cash,Takeaway,2018-06-01
8890310776656,Water,1,Credit Card,Takeaway,2018-01-03
5403329690566,Salad,2,Credit Card,Takeaway,2018-05-07
9324646076023,Coffee,2,Credit Card,Takeaway,2019-11-08
1773579182055,Yogurt,2,Digital Wallet,Takeaway,2019-11-14
2494145142516,Ice Cream,3,Credit Card,Takeaway,2019-09-09
7309162262770,Coffee,1,Digital Wallet,In-store,2019-12-18
1289911746569,Ice Cream,3,Digital Wallet,Takeaway,2019-01-05
1358498787972,Soda,3,Digital Wallet,In-store,2019-12-21
8967335972544,Ice Cream,2,Cash,In-store,2019-06-19
9065832700574,Cookie,3,Digital Wallet,Takeaway,2019-05-05
8170879583897,Milk,1,Digital Wallet,In-store,2019-02-21
0561080393678,Milk,2,Digital Wallet,Takeaway,2019-08-06
0062606253600,Cake,2,Digital Wallet,Takeaway,2019-05-06
1241463966871,Water,3,Cash,Takeaway,2019-04-20
2961263799729,Yogurt,3,Cash,In-store,2019-12-07
6764942925879,Smoothie,3,Credit Card,In-store,2019-02-27
6024274860652,Sandwich,2,Digital Wallet,In-store,2019-11-30
5153551097489,Cake,1,Digital Wallet,In-store,2019-01-07
7456379368020,Tea,3,Cash,Takeaway,2019-01-15
1988293809007,Tea,1,Digital Wallet,Takeaway,2019-05-24
5189018905783,Water,1,Digital Wallet,Takeaway,2019-03-16
5976744624176,Milk,1,Cash,Takeaway,2019-11-15
7188926043974,Water,1,Cash,In-store,2019-03-05
5945766059846,Coffee,2,Digital Wallet,In-store,2019-07-15
9309527738009,Tea,2,Cash,In-store,2019-03-03
4718216765571,Milk,3,Cash,Takeaway,2019-09-30
4234937912976,Cookie,3,Cash,Takeaway,2019-08-01
9631420420850,Smoothie,1,Credit Card,In-store,2019-06-20
8311354207222,Cookie,3,Credit Card,Takeaway,2019-07-12
4805056692430,Milk,1,Digital Wallet,In-store,2019-12-14
2938187160584,Salad,3,Digital Wallet,In-store,2019-08-31
4794861818381,Cake,3,Cash,Takeaway,2019-09-17
5027801366451,Coffee,2,Digital Wallet,Takeaway,2019-08-13
3108359339035,Ice Cream,3,Cash,In-store,2019-07-14
0390851859019,Coffee,2,Digital Wallet,Takeaway,2019-12-29
8385038952890,Salad,1,Digital Wallet,In-store,2019-06-22
8900538751271,Cake,3,Credit Card,In-store,2019-11-20
1178569649363,Milk,1,Credit Card,In-store,2019-08-02
1787803661681,Juice,2,Credit Card,In-store,2019-05-03
7638706902507,Ice Cream,1,Credit Card,Takeaway,2019-12-18
2030728968007,Tea,2,Digital Wallet,Takeaway,2019-04-16
8011492995479,Cake,1,Credit Card,In-store,2019-10-07
9261281189452,Water,1,Cash,In-store,2019-09-13
8243258420097,Sandwich,3,Cash,In-store,2019-04-12
6987986874709,Soda,3,Credit Card,In-store,2019-12-25
3597110325859,Milk,1,Digital Wallet,In-store,2019-12-03
5593132731362,Smoothie,3,Digital Wallet,In-store,2019-08-31
0388109502220,Coffee,3,Credit Card,In-store,2019-03-13
4883840304288,Yogurt,2,Credit Card,In-store,2019-02-11
5577290675744,Cake,3,Digital Wallet,In-store,2019-07-07
7629870306840,Coffee,2,Credit Card,Takeaway,2019-01-31
6953410411598,Smoothie,2,Credit Card,Takeaway,2019-03-04
8679800384690,Milk,3,Credit Card,Takeaway,2019-02-09
4653244882008,Salad,3,Cash,Takeaway,2019-11-16
1259672336927,Cookie,2,Credit Card,In-store,2019-06-11
5416696431625,Cookie,1,Credit Card,In-store,2019-09-08
6707535976414,Tea,2,Digital Wallet,In-store,2019-09-05
1120407989902,Soda,3,Credit Card,In-store,2019-10-16
5939930857123,Ice Cream,2,Digital Wallet,In-store,2019-06-20
0250658594967,Coffee,3,Cash,In-store,2019-07-24
3790191025957,Milk,3,Digital Wallet,In-store,2019-01-11
1739540425415,Sandwich,3,Credit Card,Takeaway,2019-11-23
4022448985455,Tea,1,Cash,Takeaway,2019-10-09
1633681009995,Ice Cream,1,Cash,Takeaway,2019-02-21
8541534826237,Coffee,3,Credit Card,In-store,2019-12-11
8774003435290,Tea,2,Digital Wallet,Takeaway,2019-12-07
2204506631630,Smoothie,2,Cash,Takeaway,2019-03-29
9623148082427,Cookie,1,Cash,Takeaway,2019-09-13
7670471151285,Yogurt,1,Digital Wallet,Takeaway,2019-03-07
0136858483358,Water,1,Digital Wallet,Takeaway,2019-12-16
6845209644914,Cookie,2,Credit Card,Takeaway,2019-11-04
5209639836621,Coffee,2,Cash,In-store,2019-05-03
2871588652961,Smoothie,3,Digital Wallet,Takeaway,2019-11-12
0073672125494,Juice,1,Credit Card,Takeaway,2019-10-13
7846299272871,Yogurt,3,Credit Card,In-store,2019-11-22
2413863146170,Coffee,3,Cash,In-store,2019-04-15
0678033162967,Cookie,3,Cash,In-store,2019-11-08
6431069749083,Juice,3,Cash,Takeaway,2019-08-27
6521918312275,Soda,1,Credit Card,In-store,2019-11-10
5696495272715,Smoothie,1,Credit Card,Takeaway,2019-09-20
9351470613841,Smoothie,3,Cash,In-store,2019-07-10
1454027765937,Ice Cream,2,Credit Card,Takeaway,2019-01-31
2679927059163,Tea,2,Cash,In-store,2019-11-28
1198653677775,Smoothie,3,Cash,In-store,2019-05-11
4602237681470,Milk,2,Credit Card,Takeaway,2019-09-27
5054141336905,Soda,3,Credit Card,In-store,2019-09-07
4235388965900,Sandwich,1,Digital Wallet,Takeaway,2019-09-24
1620479247516,Cake,2,Credit Card,Takeaway,2019-11-12
6250470611334,Tea,2,Credit Card,Takeaway,2019-05-28
2081232594954,Cookie,2,Credit Card,In-store,2019-02-28
4497006399461,Smoothie,1,Digital Wallet,In-store,2019-07-29
2720585808393,Yogurt,2,Digital Wallet,In-store,2019-02-04
3064774261828,Water,2,Cash,Takeaway,2019-04-28
0538914151391,Tea,2,Credit Card,In-store,2019-07-27
5334209534963,Water,1,Digital Wallet,Takeaway,2019-12-22
3616054446816,Salad,2,Digital Wallet,Takeaway,2019-10-14
7164792599456,Ice Cream,1,Digital Wallet,Takeaway,2019-01-01
0038388711768,Ice Cream,2,Cash,In-store,2019-03-06
5726779360453,Ice Cream,3,Digital Wallet,Takeaway,2019-01-18
1484888760086,Cookie,3,Credit Card,In-store,2019-02-15
8317926144438,Coffee,2,Credit Card,Takeaway,2019-12-24
1379713916502,Coffee,1,Cash,Takeaway,2019-03-05
4811196543228,Ice Cream,1,Digital Wallet,Takeaway,2020-09-08
8704872197807,Ice Cream,2,Credit Card,In-store,2020-01-03
7109933922052,Coffee,3,Digital Wallet,In-store,2020-01-24
3025969265618,Water,1,Cash,Takeaway,2020-09-30
4426471389578,Juice,3,Credit Card,In-store,2020-11-02
1908418208898,Cookie,2,Digital Wallet,Takeaway,2020-12-25
7374563458978,Cookie,2,Credit Card,In-store,2020-10-23
6912570813826,Soda,3,Cash,In-store,2020-04-17
1751772953177,Cookie,2,Cash,Takeaway,2020-06-23
7870197981801,Soda,3,Credit Card,In-store,2020-05-31
2094485790974,Cookie,1,Digital Wallet,In-store,2020-06-27
6646765928629,Juice,2,Credit Card,In-store,2020-04-10
4374844950545,Smoothie,3,Digital Wallet,Takeaway,2020-01-09
0451327131388,Salad,2,Digital Wallet,In-store,2020-05-11
1449964011919,Yogurt,2,Digital Wallet,In-store,2020-10-23
5503670555733,Cake,1,Digital Wallet,Takeaway,2020-02-15
7808498709893,Water,3,Digital Wallet,In-store,2020-08-09
7078278998056,Tea,2,Cash,In-store,2020-01-01
8261031544624,Smoothie,1,Digital Wallet,In-store,2020-08-06
4483797014935,Soda,3,Cash,Takeaway,2020-01-30
4594728390674,Salad,3,Credit Card,Takeaway,2020-05-19
6033893747053,Soda,3,Credit Card,In-store,2020-08-17
7261248445555,Cake,1,Credit Card,Takeaway,2020-08-14
7110472541017,Coffee,3,Digital Wallet,In-store,2020-07-23
4593217157569,Ice Cream,3,Digital Wallet,Takeaway,2020-09-07
1670884334004,Cookie,2,Credit Card,Takeaway,2020-09-30
9928015897372,Water,1,Cash,In-store,2020-02-25
2008494601275,Water,1,Cash,In-store,2020-08-07
9444447042604,Salad,2,Credit Card,In-store,2020-11-22
6755506475954,Coffee,3,Credit Card,In-store,2020-09-08
9106865179781,Ice Cream,1,Cash,In-store,2020-09-02
7491795846646,Cake,1,Cash,In-store,2020-05-18
4310867505591,Tea,3,Cash,Takeaway,2020-10-23
0376891125833,Sandwich,3,Credit Card,Takeaway,2020-02-21
4973934609419,Smoothie,2,Digital Wallet,Takeaway,2020-12-13
6751370918191,Salad,3,Digital Wallet,In-store,2020-05-28
1252383019998,Juice,3,Digital Wallet,Takeaway,2020-12-28
9486648985564,Soda,3,Cash,Takeaway,2020-09-18
5571584505595,Cake,2,Credit Card,In-store,2020-10-12
6644901714839,Milk,1,Cash,Takeaway,2020-02-18
2867806716737,Ice Cream,1,Digital Wallet,In-store,2020-07-06
9931823155800,Ice Cream,1,Cash,Takeaway,2020-01-16
7336517963051,Yogurt,3,Cash,In-store,2020-11-15
6486473735139,Sandwich,2,Digital Wallet,Takeaway,2020-09-25
5858565290429,Juice,2,Cash,Takeaway,2020-11-12
4403964983291,Tea,2,Cash,Takeaway,2020-05-23
2129243195040,Cake,3,Cash,In-store,2020-06-18
1503392677502,Sandwich,1,Digital Wallet,Takeaway,2020-01-19
3720721932950,Cookie,1,Digital Wallet,In-store,2020-10-14
3667473926182,Cake,2,Digital Wallet,Takeaway,2020-04-16
9914007268282,Soda,2,Credit Card,Takeaway,2020-07-02
5862653867110,Tea,3,Cash,Takeaway,2020-11-18
2129984660869,Cookie,1,Credit Card,Takeaway,2020-06-07
5764762691832,Coffee,2,Digital Wallet,Takeaway,2020-12-25
2472493551006,Milk,2,Cash,Takeaway,2020-08-06
6330355711073,Cookie,2,Cash,In-store,2020-05-02
8961579600263,Cookie,2,Credit Card,Takeaway,2020-05-11
2371309237854,Cookie,2,Cash,Takeaway,2020-11-10
4516624302360,Sandwich,1,Cash,In-store,2020-06-13
3115023451504,Cake,2,Cash,Takeaway,2020-07-01
5864166309170,Smoothie,1,Cash,In-store,2020-06-07
8489651706127,Cake,1,Digital Wallet,In-store,2020-08-08
4102879284676,Salad,3,Cash,Takeaway,2020-08-01
2058899264759,Water,2,Cash,Takeaway,2020-08-15
2555432457680,Tea,1,Digital Wallet,In-store,2020-07-04
1441970940689,Milk,2,Credit Card,Takeaway,2020-09-07
9031030685869,Yogurt,3,Credit Card,Takeaway,2020-11-13
2278069238223,Cookie,2,Digital Wallet,Takeaway,2020-06-08
5999772287328,Juice,2,Credit Card,Takeaway,2020-04-13
0754437818959,Ice Cream,1,Credit Card,In-store,2020-03-17
6487807951416,Water,1,Credit Card,Takeaway,2020-01-03
7162687254558,Cake,3,Credit Card,In-store,2020-01-27
2057522506211,Juice,1,Credit Card,Takeaway,2020-07-17
0694570110032,Soda,3,Credit Card,In-store,2020-09-27
2415862152565,Tea,2,Digital Wallet,Takeaway,2020-10-19
5883626865162,Cookie,2,Digital Wallet,Takeaway,2020-10-26
9207202421232,Water,1,Cash,In-store,2020-06-24
1235848844427,Tea,1,Credit Card,In-store,2020-07-16
5179395609978,Milk,2,Cash,Takeaway,2020-06-01
4936287753512,Cookie,1,Cash,In-store,2020-04-14
3447449572731,Coffee,1,Digital Wallet,In-store,2020-10-29
5851984364658,Ice Cream,1,Credit Card,Takeaway,2020-04-22
6604350344568,Water,1,Credit Card,Takeaway,2020-08-30
6441375361145,Sandwich,2,Credit Card,In-store,2020-08-18
8076488185487,Smoothie,2,Cash,Takeaway,2020-12-16
6191687630322,Coffee,3,Credit Card,In-store,2020-11-28
5577579369531,Smoothie,2,Digital Wallet,In-store,2020-07-14
4103839182568,Tea,3,Digital Wallet,In-store,2020-05-31
4431698209776,Water,3,Digital Wallet,Takeaway,2020-02-10
7311625407031,Juice,1,Digital Wallet,Takeaway,2020-12-09
4967089724585,Tea,1,Credit Card,In-store,2020-09-30
6353686005819,Cookie,3,Cash,Takeaway,2020-04-24
1097510510753,Sandwich,3,Cash,In-store,2020-07-24
2652763633278,Yogurt,3,Cash,In-store,2020-05-11
8921092888180,Yogurt,3,Cash,Takeaway,2020-01-05
9536668950162,Ice Cream,1,Digital Wallet,Takeaway,2020-08-16
6600477179458,Juice,3,Cash,Takeaway,2020-07-28
4765327488943,Milk,2,Credit Card,Takeaway,2020-10-02
3162414086241,Smoothie,3,Cash,In-store,2020-06-10
7802848337637,Soda,2,Credit Card,In-store,2020-07-23
1474677332716,Yogurt,2,Cash,In-store,2021-01-19
7226800672022,Water,3,Cash,Takeaway,2021-11-28
6997966899608,Tea,1,Digital Wallet,Takeaway,2021-08-01
6314036336519,Cake,1,Cash,Takeaway,2021-12-24
0521717107184,Yogurt,3,Cash,In-store,2021-01-01
8424732187716,Milk,1,Credit Card,In-store,2021-10-28
5757611919829,Cake,2,Digital Wallet,In-store,2021-02-23
8810446698486,Tea,3,Cash,Takeaway,2021-03-24
5786222444604,Coffee,1,Cash,In-store,2021-06-12
9593329384339,Cookie,1,Credit Card,In-store,2021-06-16
8965232225961,Coffee,2,Digital Wallet,Takeaway,2021-09-17
9609522026256,Tea,3,Cash,In-store,2021-09-25
7012674400454,Milk,2,Credit Card,Takeaway,2021-05-30
7242371407481,Cake,2,Digital Wallet,In-store,2021-12-11
8235283022971,Cookie,1,Credit Card,In-store,2021-07-07
0994078119897,Soda,1,Credit Card,Takeaway,2021-08-19
2991132331538,Cookie,3,Credit Card,Takeaway,2021-06-19
8274193481294,Cake,1,Credit Card,In-store,2021-04-20
4717626101948,Soda,2,Cash,In-store,2021-08-04
7576181248393,Water,1,Digital Wallet,In-store,2021-05-02
6077025958276,Milk,1,Digital Wallet,Takeaway,2021-07-22
5028096605409,Tea,1,Cash,Takeaway,2021-05-05
9350575773801,Yogurt,3,Credit Card,In-store,2021-07-18
0417548545267,Water,2,Digital Wallet,Takeaway,2021-04-10
1003020575748,Milk,1,Cash,In-store,2021-04-08
0052353563824,Coffee,1,Digital Wallet,Takeaway,2021-09-22
9059021408259,Smoothie,2,Cash,In-store,2021-07-18
2643089319939,Milk,1,Credit Card,In-store,2021-10-22
3031488471041,Milk,3,Cash,In-store,2021-03-16
9125908245726,Cookie,3,Cash,In-store,2021-05-19
7026155697448,Soda,3,Credit Card,In-store,2021-12-04
3848927305870,Salad,1,Cash,Takeaway,2021-12-22
2103752451835,Coffee,1,Cash,In-store,2021-09-28
5572784966100,Sandwich,3,Credit Card,Takeaway,2021-09-15
7784339079632,Coffee,1,Cash,In-store,2021-06-15
7877532494040,Ice Cream,2,Digital Wallet,Takeaway,2021-08-07
0002067384055,Juice,2,Digital Wallet,Takeaway,2021-06-15
9520959565555,Yogurt,1,Digital Wallet,Takeaway,2021-11-23
7051059982871,Soda,3,Credit Card,In-store,2021-03-27
1114857459054,Salad,3,Credit Card,Takeaway,2021-02-19
6465489990336,Cake,2,Digital Wallet,Takeaway,2021-10-20
2842922849767,Smoothie,3,Digital Wallet,In-store,2021-10-03
9725192427060,Juice,3,Cash,In-store,2021-02-20
1164573819823,Tea,2,Digital Wallet,In-store,2021-08-23
7107877027185,Cookie,1,Cash,Takeaway,2021-09-23
1517048352286,Water,2,Digital Wallet,Takeaway,2021-07-12
8744232820341,Milk,1,Credit Card,Takeaway,2021-01-15
2614347757350,Salad,2,Cash,In-store,2021-03-14
1928914411851,Milk,1,Digital Wallet,Takeaway,2021-07-02
4261056806565,Salad,2,Digital Wallet,In-store,2021-11-30
5455920811659,Sandwich,1,Credit Card,In-store,2021-05-14
2403083234986,Sandwich,3,Credit Card,In-store,2021-10-12
1318767493225,Cookie,2,Digital Wallet,In-store,2021-05-17
0772484501358,Tea,2,Credit Card,Takeaway,2021-09-03
7771384008236,Sandwich,3,Digital Wallet,In-store,2021-10-18
0863741880696,Smoothie,3,Digital Wallet,In-store,2021-03-07
7838036816110,Salad,3,Cash,In-store,2021-02-27
9305151512282,Coffee,1,Credit Card,In-store,2021-08-25
7765602279553,Smoothie,1,Credit Card,In-store,2021-07-19
8681853207833,Soda,1,Digital Wallet,In-store,2021-11-21
6691755637821,Milk,3,Credit Card,Takeaway,2021-07-20
1837948259790,Cake,1,Digital Wallet,In-store,2021-03-25
6193402528990,Yogurt,2,Cash,Takeaway,2021-02-24
3045962884678,Juice,3,Cash,Takeaway,2021-07-12
1951646092685,Yogurt,3,Digital Wallet,Takeaway,2021-01-24
0829955764085,Sandwich,3,Digital Wallet,Takeaway,2021-10-30
5278410610293,Tea,3,Cash,In-store,2021-11-12
2004296799424,Juice,1,Credit Card,Takeaway,2021-06-03
6520154628980,Sandwich,2,Credit Card,Takeaway,2021-07-30
5480951765008,Tea,3,Cash,In-store,2021-09-08
0403830882073,Cake,1,Cash,In-store,2021-09-04
1854815457189,Sandwich,3,Cash,In-store,2021-11-08
8933162352491,Salad,1,Digital Wallet,In-store,2021-08-21
1314348268268,Sandwich,3,Cash,In-store,2021-10-18
0764768879673,Yogurt,3,Credit Card,Takeaway,2021-05-20
8254213333413,Smoothie,1,Cash,Takeaway,2021-06-02
1617440435478,Milk,3,Digital Wallet,Takeaway,2021-04-17
3156476751162,Sandwich,3,Digital Wallet,Takeaway,2021-06-06
3662045893008,Coffee,3,Digital Wallet,In-store,2021-02-10
8458321590342,Juice,3,Credit Card,In-store,2021-01-09
5307626540664,Yogurt,1,Digital Wallet,Takeaway,2021-05-27
8801589513576,Cookie,2,Digital Wallet,Takeaway,2021-12-23
8528120236236,Coffee,1,Cash,In-store,2021-06-24
7955828507664,Soda,2,Digital Wallet,Takeaway,2021-08-21
8721118801274,Ice Cream,3,Credit Card,Takeaway,2021-06-02
1101118852914,Milk,1,Cash,In-store,2021-10-29
7331962038439,Salad,1,Cash,In-store,2021-08-11
9665631332855,Yogurt,2,Credit Card,Takeaway,2021-03-18
0477977842498,Soda,3,Digital Wallet,In-store,2021-01-23
1884110946637,Cookie,2,Digital Wallet,Takeaway,2021-04-24
6161350707019,Milk,3,Digital Wallet,In-store,2021-02-10
8266494210826,Milk,2,Digital Wallet,In-store,2021-01-29
3130548354765,Soda,2,Digital Wallet,Takeaway,2021-06-06
8089267674768,Juice,2,Digital Wallet,Takeaway,2021-02-23
1865514816122,Sandwich,2,Cash,In-store,2021-11-21
6824463614437,Sandwich,3,Credit Card,Takeaway,2021-07-17
0222413242932,Cake,1,Cash,Takeaway,2021-03-10
4586380560540,Smoothie,3,Credit Card,In-store,2021-08-12
5062163808928,Sandwich,3,Digital Wallet,In-store,2021-06-11
6836752033461,Cookie,3,Cash,Takeaway,2021-01-13
4476921872327,Tea,2,Digital Wallet,In-store,2022-07-06
8227741503634,Yogurt,1,Credit Card,Takeaway,2022-09-28
2362460656035,Sandwich,2,Cash,Takeaway,2022-12-19
1782417017541,Cookie,2,Credit Card,In-store,2022-07-23
4067577363576,Sandwich,3,Credit Card,Takeaway,2022-12-23
8327964231274,Yogurt,1,Cash,In-store,2022-06-27
4526665194534,Milk,1,Cash,In-store,2022-07-06
9563999679585,Cake,3,Credit Card,In-store,2022-06-15
4422154005629,Sandwich,2,Credit Card,Takeaway,2022-02-20
6303300779633,Soda,2,Credit Card,In-store,2022-10-13
6699928734391,Coffee,1,Credit Card,In-store,2022-09-26
6324702709561,Yogurt,3,Digital Wallet,In-store,2022-11-18
2503759061516,Salad,1,Credit Card,Takeaway,2022-06-19
9306681779848,Soda,1,Credit Card,In-store,2022-06-28
2835277737148,Ice Cream,2,Cash,In-store,2022-08-26
6093559750124,Coffee,1,Digital Wallet,Takeaway,2022-06-01
4081040609527,Coffee,3,Cash,In-store,2022-11-07
9258217933654,Ice Cream,3,Credit Card,In-store,2022-05-20
6496307139798,Cookie,3,Cash,In-store,2022-10-28
5249017407760,Juice,3,Credit Card,In-store,2022-05-11
5986463290804,Cake,3,Cash,In-store,2022-05-12
5769966425566,Cake,1,Digital Wallet,In-store,2022-05-25
9930730464456,Milk,1,Credit Card,In-store,2022-05-30
1910617452958,Ice Cream,3,Digital Wallet,Takeaway,2022-08-05
0918547578237,Juice,3,Cash,Takeaway,2022-06-26
6138105170145,Smoothie,1,Credit Card,In-store,2022-03-22
8311945099519,Sandwich,1,Credit Card,In-store,2022-12-02
8206907841063,Smoothie,2,Digital Wallet,Takeaway,2022-09-24
3013845175090,Tea,2,Credit Card,Takeaway,2022-12-23
9370510074060,Sandwich,2,Cash,In-store,2022-10-14
3111731213557,Soda,3,Cash,Takeaway,2022-06-27
9788460134749,Juice,3,Cash,Takeaway,2022-03-24
1384284631877,Cookie,1,Credit Card,Takeaway,2022-11-11
4294157501275,Cookie,3,Credit Card,Takeaway,2022-08-27
9790654493266,Tea,3,Credit Card,Takeaway,2022-02-01
1618570836876,Cake,1,Credit Card,Takeaway,2022-08-09
3290312641450,Coffee,1,Credit Card,In-store,2022-08-05
2386274731382,Cookie,1,Credit Card,In-store,2022-01-30
0753618378626,Ice Cream,3,Cash,In-store,2022-06-27
2820571500925,Smoothie,1,Cash,Takeaway,2022-01-31
0924919211879,Cookie,3,Cash,In-store,2022-05-05
9954673583944,Coffee,3,Digital Wallet,Takeaway,2022-12-11
1780146610590,Sandwich,3,Credit Card,Takeaway,2022-09-27
3260652630018,Tea,3,Cash,Takeaway,2022-02-24
3000759116240,Soda,3,Credit Card,In-store,2022-05-10
9541501809439,Coffee,3,Credit Card,In-store,2022-07-21
5349048422517,Sandwich,1,Credit Card,Takeaway,2022-06-05
8330432102914,Juice,1,Credit Card,In-store,2022-05-21
3386213008406,Salad,3,Credit Card,Takeaway,2022-05-08
7569680472857,Milk,2,Digital Wallet,Takeaway,2022-02-07
2495656515301,Soda,1,Digital Wallet,In-store,2022-11-19
0253254194203,Smoothie,2,Cash,Takeaway,2022-03-01
1182596496975,Water,2,Digital Wallet,Takeaway,2022-03-30
4357344302342,Juice,2,Cash,In-store,2022-04-24
8119889700252,Water,1,Digital Wallet,In-store,2022-04-27
0235038857733,Juice,1,Cash,Takeaway,2022-01-12
2212875837720,Coffee,2,Credit Card,In-store,2022-05-28
1613730378685,Smoothie,3,Cash,In-store,2022-04-03
5017622314175,Coffee,1,Digital Wallet,Takeaway,2022-07-07
4194138258375,Juice,1,Digital Wallet,Takeaway,2022-11-13
0257124545652,Ice Cream,3,Credit Card,In-store,2022-10-21
4607356111167,Tea,2,Digital Wallet,In-store,2022-10-25
7524878162231,Cake,1,Credit Card,Takeaway,2022-07-28
4256038639866,Ice Cream,3,Credit Card,In-store,2022-04-13
9126655616616,Cake,1,Credit Card,In-store,2022-08-29
4280299452056,Juice,1,Digital Wallet,In-store,2022-11-22
1359319454097,Soda,2,Cash,Takeaway,2022-07-20
7545420704747,Cookie,2,Digital Wallet,In-store,2022-02-11
3131931672299,Water,3,Digital Wallet,Takeaway,2022-05-15
8810359899000,Cookie,1,Cash,Takeaway,2022-09-03
7430662465252,Sandwich,1,Credit Card,Takeaway,2022-06-28
8674865906474,Coffee,2,Cash,Takeaway,2022-02-04
2364887271631,Milk,2,Credit Card,In-store,2022-07-23
5765718121922,Ice Cream,3,Cash,In-store,2022-05-21
9124356113694,Juice,1,Digital Wallet,In-store,2022-09-28
9834207513923,Cake,1,Credit Card,In-store,2022-02-17
3069357362381,Juice,1,Credit Card,Takeaway,2022-01-21
7052750783422,Milk,1,Credit Card,In-store,2022-03-10
6139411328398,Sandwich,3,Cash,Takeaway,2022-02-18
7762424242031,Milk,1,Cash,Takeaway,2022-12-20
3739474245354,Yogurt,3,Cash,Takeaway,2022-05-12
5939596479653,Coffee,1,Cash,Takeaway,2022-07-22
7592072879583,Yogurt,1,Digital Wallet,In-store,2022-06-22
2723036096882,Smoothie,1,Credit Card,In-store,2022-03-21
9491216831389,Smoothie,3,Digital Wallet,In-store,2022-02-10
4397963469491,Soda,2,Cash,Takeaway,2022-02-24
7501945437836,Milk,1,Cash,Takeaway,2022-02-23
5212649674664,Sandwich,1,Digital Wallet,In-store,2022-07-23
6965763778754,Cake,1,Cash,In-store,2022-09-27
5140072647347,Yogurt,1,Credit Card,Takeaway,2022-02-05
1211891615436,Milk,2,Digital Wallet,In-store,2022-12-27
2783167588311,Smoothie,2,Cash,Takeaway,2022-09-04
6463662701922,Water,1,Credit Card,In-store,2022-01-05
6419298260890,Juice,2,Credit Card,In-store,2022-03-12
0613370813325,Sandwich,1,Credit Card,In-store,2022-10-01
8961580359556,Salad,1,Cash,In-store,2022-06-09
0868883089778,Cookie,3,Cash,In-store,2022-12-26
5067550970127,Cake,2,Credit Card,In-store,2022-04-15
3836272024447,Cake,2,Cash,In-store,2022-02-15
2923267723513,Coffee,3,Cash,Takeaway,2022-07-25
8064285171826,Cake,3,Digital Wallet,Takeaway,2023-11-08
1109687050809,Smoothie,3,Credit Card,Takeaway,2023-11-04
6919294988243,Juice,2,Cash,In-store,2023-10-05
5301386399166,Milk,2,Digital Wallet,In-store,2023-05-28
9714901456934,Yogurt,3,Digital Wallet,Takeaway,2023-02-10
0405711980939,Sandwich,3,Digital Wallet,In-store,2023-01-18
7071080248234,Juice,3,Credit Card,Takeaway,2023-02-16
8663987623932,Water,2,Credit Card,Takeaway,2023-08-16
6783380047653,Sandwich,2,Cash,Takeaway,2023-10-12
6741547948229,Ice Cream,1,Credit Card,In-store,2023-07-06
4228732450597,Water,3,Credit Card,Takeaway,2023-06-15
7404810979656,Ice Cream,1,Credit Card,Takeaway,2023-11-02
0794199942738,Coffee,2,Digital Wallet,In-store,2023-06-12
0894599285715,Juice,2,Credit Card,Takeaway,2023-01-25
4107459791469,Yogurt,3,Credit Card,Takeaway,2023-06-01
9590179960799,Coffee,2,Digital Wallet,In-store,2023-05-19
0168319705600,Yogurt,3,Digital Wallet,In-store,2023-08-25
8471771485150,Coffee,2,Credit Card,In-store,2023-02-20
6807884418471,Sandwich,2,Cash,Takeaway,2023-02-19
7700503300777,Milk,2,Credit Card,In-store,2023-04-17
9013678562122,Ice Cream,2,Cash,In-store,2023-04-07
8163712264145,Juice,1,Digital Wallet,Takeaway,2023-03-19
3430600024583,Yogurt,1,Cash,Takeaway,2023-05-23
3144241621895,Ice Cream,1,Digital Wallet,Takeaway,2023-03-05
8411575736904,Water,2,Cash,In-store,2023-01-02
7823384519929,Salad,2,Credit Card,Takeaway,2023-09-02
6843672210698,Water,2,Cash,In-store,2023-06-05
5268035054732,Water,3,Digital Wallet,Takeaway,2023-09-21
3176672642910,Juice,2,Credit Card,In-store,2023-04-30
8366145724938,Cake,2,Digital Wallet,Takeaway,2023-04-14
2137915729059,Salad,1,Credit Card,Takeaway,2023-03-24
9571891416023,Smoothie,3,Digital Wallet,Takeaway,2023-07-08
2590241406276,Cookie,1,Credit Card,In-store,2023-02-12
4954308414945,Sandwich,3,Digital Wallet,In-store,2023-01-29
0205628538632,Juice,2,Digital Wallet,Takeaway,2023-06-06
8497471438739,Tea,1,Credit Card,Takeaway,2023-04-21
6602432452033,Milk,1,Cash,Takeaway,2023-12-06
1186536387880,Smoothie,3,Digital Wallet,Takeaway,2023-07-29
7080136564037,Sandwich,3,Cash,Takeaway,2023-02-19
0938423770142,Coffee,1,Credit Card,Takeaway,2023-10-19
2766925144066,Cake,2,Cash,Takeaway,2023-03-06
9635114673720,Cookie,3,Cash,In-store,2023-12-21
9162874286858,Sandwich,2,Cash,Takeaway,2023-12-30
7493672668716,Tea,3,Cash,Takeaway,2023-05-04
4513917942814,Cookie,3,Digital Wallet,In-store,2023-07-03
9856717114865,Juice,3,Credit Card,In-store,2023-08-05
2586139629889,Water,3,Credit Card,In-store,2023-05-04
3742701542768,Salad,1,Credit Card,Takeaway,2023-06-19
7329076193489,Smoothie,1,Cash,Takeaway,2023-01-22
2426881911026,Sandwich,3,Credit Card,Takeaway,2023-03-23
8092203492630,Salad,3,Cash,In-store,2023-02-22
9658379222007,Juice,3,Cash,In-store,2023-06-11
8162672317366,Salad,2,Credit Card,Takeaway,2023-05-17
3730657910267,Cake,3,Cash,Takeaway,2023-02-04
3493773484790,Coffee,1,Cash,In-store,2023-12-12
2680298196647,Smoothie,1,Credit Card,In-store,2023-10-12
3283705636584,Cake,2,Credit Card,Takeaway,2023-11-12
0082204408806,Coffee,3,Digital Wallet,Takeaway,2023-12-14
0675255634715,Milk,1,Digital Wallet,In-store,2023-09-30
5251597247544,Milk,1,Digital Wallet,In-store,2023-02-16
8643141327555,Ice Cream,1,Digital Wallet,Takeaway,2023-02-04
3261538814393,Sandwich,2,Credit Card,Takeaway,2023-08-10
4800855190620,Tea,1,Cash,Takeaway,2023-07-08
2752651712624,Cookie,2,Digital Wallet,In-store,2023-10-29
4095423240559,Smoothie,3,Digital Wallet,In-store,2023-05-23
8778135303052,Yogurt,1,Cash,Takeaway,2023-04-25
8830166365925,Cookie,1,Digital Wallet,Takeaway,2023-08-09
2886889216989,Ice Cream,3,Cash,In-store,2023-05-14
5617227960175,Soda,1,Credit Card,Takeaway,2023-07-08
4336662851138,Soda,3,Digital Wallet,Takeaway,2023-10-30
1428652369273,Coffee,1,Cash,Takeaway,2023-09-20
3068500325891,Juice,2,Cash,In-store,2023-06-25
4236562317348,Cookie,3,Cash,In-store,2023-05-26
1622552990098,Soda,2,Digital Wallet,Takeaway,2023-05-21
3159834610873,Cookie,1,Cash,Takeaway,2023-08-10
1946151443121,Milk,1,Cash,Takeaway,2023-02-11
5148836951341,Juice,2,Cash,In-store,2023-08-28
9820034136794,Soda,1,Cash,In-store,2023-05-05
0108465448310,Sandwich,2,Cash,Takeaway,2023-07-04
3764019403005,Water,1,Credit Card,Takeaway,2023-05-25
6857715497243,Salad,3,Credit Card,Takeaway,2023-06-25
2169043378571,Tea,3,Digital Wallet,Takeaway,2023-04-28
8368212792383,Juice,3,Credit Card,Takeaway,2023-11-06
2612343276936,Water,1,Digital Wallet,Takeaway,2023-02-10
5800837967096,Smoothie,3,Credit Card,Takeaway,2023-10-17
4576486276131,Water,1,Digital Wallet,Takeaway,2023-11-12
5197222056573,Milk,2,Cash,Takeaway,2023-05-23
3648156730722,Sandwich,2,Digital Wallet,Takeaway,2023-04-12
5151997515185,Yogurt,2,Cash,Takeaway,2023-08-16
3389153421182,Coffee,2,Credit Card,Takeaway,2023-05-28
2752080528179,Sandwich,2,Credit Card,Takeaway,2023-06-25
4489724136787,Milk,2,Cash,In-store,2023-02-10
4368681711063,Milk,3,Credit Card,In-store,2023-10-20
2518769112592,Soda,3,Digital Wallet,Takeaway,2023-05-23
0360526599441,Milk,3,Cash,Takeaway,2023-12-11
1876847804816,Yogurt,1,Digital Wallet,In-store,2023-10-01
7880346027588,Yogurt,3,Digital Wallet,Takeaway,2023-04-13
9585221572167,Soda,2,Cash,Takeaway,2023-04-11
5077726615387,Soda,2,Cash,In-store,2023-10-28
8537606903975,Juice,1,Cash,Takeaway,2023-11-11
2397446474822,Water,2,Digital Wallet,Takeaway,2024-01-23
7944925596411,Ice Cream,3,Digital Wallet,Takeaway,2024-07-19
5779685458103,Cookie,1,Cash,In-store,2024-11-15
1777724511196,Coffee,3,Credit Card,Takeaway,2024-10-27
3960630194616,Cookie,1,Credit Card,In-store,2024-10-29
6328453633700,Soda,3,Credit Card,In-store,2024-06-24
0213226558532,Cake,3,Cash,Takeaway,2024-12-27
3401914326892,Cookie,3,Cash,Takeaway,2024-12-08
0136746926363,Juice,2,Cash,Takeaway,2024-06-29
5629398505529,Yogurt,3,Cash,Takeaway,2024-09-07
5102906956407,Water,3,Cash,Takeaway,2024-09-16
1802342623669,Coffee,1,Cash,Takeaway,2024-03-25
2311674010928,Salad,1,Cash,Takeaway,2024-08-09
2861334794823,Tea,3,Credit Card,Takeaway,2024-11-04
0073797490163,Salad,3,Credit Card,Takeaway,2024-02-07
1906823570432,Coffee,2,Credit Card,In-store,2024-09-04
4462065130201,Tea,3,Cash,Takeaway,2024-01-02
7813170374764,Salad,1,Digital Wallet,In-store,2024-03-11
5645914887443,Ice Cream,1,Digital Wallet,Takeaway,2024-03-30
2468787956961,Juice,1,Credit Card,In-store,2024-05-31
7326027396852,Water,1,Cash,In-store,2024-01-21
1414799872837,Coffee,3,Cash,Takeaway,2024-12-02
2979632923781,Tea,2,Digital Wallet,Takeaway,2024-04-08
2270711520496,Yogurt,2,Digital Wallet,In-store,2024-12-24
0567467307412,Soda,1,Credit Card,In-store,2024-12-02
3621521414588,Smoothie,2,Credit Card,In-store,2024-06-20
1109434413956,Salad,1,Cash,Takeaway,2024-02-29
5389985812392,Milk,2,Cash,In-store,2024-10-14
1911209405284,Sandwich,2,Cash,Takeaway,2024-01-07
5315429992450,Juice,2,Digital Wallet,In-store,2024-05-16
4475206340247,Tea,1,Digital Wallet,Takeaway,2024-02-01
6675692405002,Milk,1,Digital Wallet,In-store,2024-02-18
5223057345558,Cookie,1,Digital Wallet,In-store,2024-07-01
2614922993371,Cake,1,Cash,In-store,2024-11-07
7267415699172,Milk,3,Credit Card,In-store,2024-06-28
8806318538646,Smoothie,2,Credit Card,In-store,2024-02-02
7657850401131,Tea,3,Cash,In-store,2024-12-11
5314289529257,Cookie,2,Credit Card,Takeaway,2024-08-18
8825418146056,Juice,3,Digital Wallet,Takeaway,2024-02-14
4458990134599,Smoothie,3,Credit Card,In-store,2024-04-24
4135276684688,Yogurt,1,Credit Card,Takeaway,2024-06-18
6087900449683,Soda,1,Cash,Takeaway,2024-03-04
7023840750785,Sandwich,3,Digital Wallet,Takeaway,2024-07-05
3988075248398,Sandwich,3,Digital Wallet,Takeaway,2024-03-30
5235093690332,Smoothie,1,Digital Wallet,In-store,2024-09-13
0947195006014,Cake,3,Digital Wallet,In-store,2024-06-28
0889111120032,Yogurt,2,Credit Card,Takeaway,2024-12-16
4888630935956,Salad,3,Credit Card,In-store,2024-08-01
8255003731273,Salad,1,Digital Wallet,In-store,2024-02-10
3885021280665,Ice Cream,3,Digital Wallet,Takeaway,2024-02-12
0492598932243,Cookie,1,Cash,In-store,2024-08-04
3137212960574,Yogurt,1,Credit Card,Takeaway,2024-10-19
5358001255406,Soda,3,Credit Card,Takeaway,2024-02-23
4216725137228,Water,1,Digital Wallet,Takeaway,2024-04-11
3907598809015,Sandwich,2,Credit Card,Takeaway,2024-09-30
1069070040513,Yogurt,2,Cash,In-store,2024-06-30
1302410355442,Soda,3,Digital Wallet,In-store,2024-12-15
0823306540670,Soda,1,Cash,In-store,2024-09-29
7876941403667,Coffee,1,Credit Card,In-store,2024-11-04
3236337512795,Salad,1,Cash,In-store,2024-10-15
5983224723137,Sandwich,1,Credit Card,In-store,2024-04-06
2953497324921,Salad,2,Cash,Takeaway,2024-09-26
9780691251974,Tea,2,Digital Wallet,Takeaway,2024-04-22
5447875700041,Water,1,Credit Card,In-store,2024-03-08
2704552291210,Smoothie,1,Credit Card,Takeaway,2024-03-15
0333964404042,Milk,2,Credit Card,Takeaway,2024-06-05
6575282357653,Salad,2,Digital Wallet,In-store,2024-06-05
4289099466928,Ice Cream,1,Credit Card,Takeaway,2024-04-13
0955934265301,Juice,1,Cash,In-store,2024-10-17
1898514998321,Salad,3,Digital Wallet,In-store,2024-02-12
6116340346310,Coffee,2,Cash,In-store,2024-08-23
8253146615337,Cake,3,Digital Wallet,In-store,2024-06-23
6462823980589,Cake,1,Cash,Takeaway,2024-04-14
2675041312740,Cookie,1,Credit Card,In-store,2024-11-13
9901524862420,Soda,3,Cash,Takeaway,2024-05-18
4763911465837,Soda,3,Credit Card,In-store,2024-01-30
0328677435070,Soda,1,Credit Card,In-store,2024-05-05
4962826363775,Water,1,Credit Card,Takeaway,2024-01-08
1995171608614,Coffee,1,Credit Card,Takeaway,2024-07-28
2036158167331,Cookie,2,Credit Card,Takeaway,2024-06-04
2987994327390,Milk,3,Credit Card,Takeaway,2024-04-21
3782236142453,Juice,2,Credit Card,In-store,2024-02-02
0031467419555,Tea,1,Credit Card,Takeaway,2024-12-01
8504083581149,Juice,1,Cash,In-store,2024-02-18
0937910803103,Ice Cream,1,Cash,Takeaway,2024-02-07
4412324682897,Cookie,1,Cash,Takeaway,2024-02-15
6186618789101,Juice,1,Credit Card,In-store,2024-05-18
9872731921845,Milk,3,Digital Wallet,In-store,2024-08-11
8577192961201,Yogurt,2,Digital Wallet,In-store,2024-11-13
2794504999790,Ice Cream,2,Digital Wallet,Takeaway,2024-11-04
6495417435639,Coffee,3,Cash,Takeaway,2024-07-10
3373985445478,Water,1,Cash,Takeaway,2024-01-02
0566764421630,Juice,1,Digital Wallet,Takeaway,2024-07-30
4402134173746,Cookie,1,Credit Card,Takeaway,2024-05-20
1958737714112,Sandwich,3,Credit Card,In-store,2024-03-31
9330130116762,Water,3,Digital Wallet,Takeaway,2024-02-10
5300692322141,Smoothie,1,Cash,Takeaway,2024-02-09
1237415102886,Juice,2,Credit Card,In-store,2024-09-13
6291690135279,Salad,2,Cash,In-store,2024-07-24
7529903026977,Water,2,Credit Card,Takeaway,2024-04-27
9929527181126,Sandwich,3,Digital Wallet,In-store,2025-09-15
7583298581336,Tea,2,Credit Card,Takeaway,2025-11-14
8731944436496,Yogurt,1,Cash,Takeaway,2025-02-19
9737855933757,Coffee,2,Credit Card,In-store,2025-08-15
4177417440777,Water,2,Cash,Takeaway,2025-02-02
8764183508259,Sandwich,2,Cash,In-store,2025-04-28
7209096218433,Yogurt,2,Digital Wallet,In-store,2025-09-13
0927785797669,Tea,2,Cash,Takeaway,2025-11-04
9722783310435,Ice Cream,3,Credit Card,Takeaway,2025-03-20
3366634278978,Salad,2,Cash,Takeaway,2025-03-07
5113930360597,Water,1,Cash,In-store,2025-07-20
2915464115338,Water,1,Credit Card,Takeaway,2025-07-08
4013124205653,Sandwich,1,Cash,In-store,2025-06-09
8797329939259,Cake,2,Digital Wallet,In-store,2025-01-21
2048212323454,Coffee,1,Digital Wallet,In-store,2025-08-11
7915362992289,Soda,3,Digital Wallet,Takeaway,2025-12-29
7827875773418,Coffee,1,Cash,In-store,2025-09-20
3424255565980,Yogurt,3,Cash,Takeaway,2025-07-03
6003671075463,Smoothie,1,Credit Card,In-store,2025-04-07
0210353638397,Tea,2,Credit Card,Takeaway,2025-09-01
6467912684881,Sandwich,1,Credit Card,In-store,2025-04-15
8326637155039,Juice,1,Credit Card,In-store,2025-02-11
0180373644145,Smoothie,1,Digital Wallet,Takeaway,2025-03-09
4855277553782,Juice,3,Credit Card,Takeaway,2025-10-07
8058928725019,Juice,3,Credit Card,In-store,2025-12-15
7498822164179,Coffee,2,Credit Card,Takeaway,2025-12-08
8952971788628,Sandwich,1,Credit Card,Takeaway,2025-12-22
7480626245260,Yogurt,2,Credit Card,In-store,2025-08-17
9068266005499,Cake,3,Cash,In-store,2025-10-04
8725220023371,Smoothie,1,Cash,Takeaway,2025-06-07
7976669762616,Smoothie,3,Cash,In-store,2025-07-28
4286520016233,Soda,1,Credit Card,In-store,2025-05-18
2093991122774,Ice Cream,2,Digital Wallet,In-store,2025-01-31
7401782038831,Soda,3,Digital Wallet,In-store,2025-10-13
5005324292938,Tea,1,Credit Card,In-store,2025-03-12
9119125267043,Coffee,3,Cash,Takeaway,2025-10-03
4039590844837,Milk,2,Cash,Takeaway,2025-12-30
9422859009187,Cookie,2,Digital Wallet,Takeaway,2025-03-19
4649357806451,Cake,3,Digital Wallet,In-store,2025-02-15
6000127662406,Ice Cream,3,Digital Wallet,Takeaway,2025-07-19
3595836349500,Soda,1,Digital Wallet,Takeaway,2025-10-25
4724241871378,Sandwich,3,Credit Card,Takeaway,2025-08-01
3014742264306,Ice Cream,1,Digital Wallet,In-store,2025-05-26
5556786176538,Smoothie,2,Digital Wallet,In-store,2025-06-20
8511595234869,Salad,2,Digital Wallet,In-store,2025-12-09
1353850628566,Sandwich,2,Credit Card,In-store,2025-10-28
2340901526147,Salad,2,Credit Card,In-store,2025-03-31
7523240690860,Water,3,Credit Card,In-store,2025-06-04
1066031913626,Cake,3,Digital Wallet,In-store,2025-03-21
9168918693231,Tea,3,Cash,In-store,2025-11-05
2880903575151,Soda,3,Credit Card,In-store,2025-02-03
3584795759628,Yogurt,1,Cash,Takeaway,2025-09-25
9773820648882,Cake,3,Credit Card,In-store,2025-02-24
1171362676352,Smoothie,3,Cash,Takeaway,2025-07-23
1469660637275,Sandwich,2,Digital Wallet,Takeaway,2025-01-13
0397042260197,Milk,3,Cash,Takeaway,2025-01-11
4236255122525,Tea,1,Cash,In-store,2025-01-27
6527145081762,Salad,3,Digital Wallet,In-store,2025-11-07
7973464544980,Cookie,1,Cash,Takeaway,2025-12-18
6112098174267,Coffee,3,Cash,In-store,2025-05-21
9853663516361,Sandwich,3,Digital Wallet,In-store,2025-11-16
9972257416693,Juice,2,Digital Wallet,Takeaway,2025-02-21
4614913285193,Milk,2,Cash,Takeaway,2025-09-25
7380853819954,Cake,3,Credit Card,Takeaway,2025-03-25
2198806275260,Cookie,2,Credit Card,Takeaway,2025-03-05
5998043694025,Salad,1,Cash,Takeaway,2025-07-14
9569507479852,Juice,1,Digital Wallet,Takeaway,2025-10-08
8666941179940,Milk,2,Digital Wallet,In-store,2025-10-07
1991734510028,Cookie,3,Digital Wallet,Takeaway,2025-01-06
1370039338986,Tea,2,Cash,In-store,2025-02-17
2609375341442,Smoothie,1,Credit Card,In-store,2025-02-17
8128041291170,Smoothie,2,Cash,In-store,2025-10-11
0468715422423,Cake,2,Cash,In-store,2025-01-17
4859260812993,Soda,2,Credit Card,In-store,2025-03-02
5742397157473,Cake,1,Cash,Takeaway,2025-11-20
5310905346185,Tea,3,Digital Wallet,Takeaway,2025-11-18
3244949458011,Cake,1,Cash,In-store,2025-01-03
7753270694112,Smoothie,2,Digital Wallet,In-store,2025-10-07
7776451212530,Juice,1,Cash,In-store,2025-03-29
0953098321291,Sandwich,2,Digital Wallet,In-store,2025-09-21
7246604015665,Yogurt,3,Digital Wallet,Takeaway,2025-12-17
1644427872117,Milk,2,Cash,Takeaway,2025-10-12
2657390072551,Smoothie,2,Cash,In-store,2025-11-16
5704062665072,Juice,2,Cash,In-store,2025-04-14
2793288263875,Juice,1,Digital Wallet,In-store,2025-07-08
0562508449588,Soda,1,Credit Card,Takeaway,2025-09-17
7866530860858,Yogurt,2,Digital Wallet,In-store,2025-01-02
1778376248232,Sandwich,3,Cash,Takeaway,2025-12-14
5765053323616,Tea,1,Cash,Takeaway,2025-04-10
3847534300155,Cake,2,Digital Wallet,Takeaway,2025-01-28
5960506308336,Smoothie,3,Credit Card,In-store,2025-07-14
5590118896480,Milk,2,Cash,Takeaway,2025-11-01
2917587046551,Water,2,Digital Wallet,Takeaway,2025-04-07
9577088832522,Ice Cream,1,Credit Card,Takeaway,2025-07-07
2377960841942,Yogurt,3,Credit Card,In-store,2025-01-14
8685129500611,Smoothie,1,Credit Card,In-store,2025-11-05
3752846455328,Milk,1,Digital Wallet,In-store,2025-01-23
3141383788554,Juice,3,Digital Wallet,In-store,2025-12-02
7837985089705,Juice,1,Cash,Takeaway,2025-02-28
8528924691309,Ice Cream,2,Cash,In-store,2025-12-10
